timestamp,voltage_v,voltage_filtered_v,current_a,current_filtered_a,discharged_mah,remaining,scale,cell_count,connected,warning
33720180,12.65,12.6869,0.5274,0.101906,0.825714,1.0,1.0,3,1,0
34041326,12.683,12.6775,2.0803,0.389944,0.891578,1.0,1.0,3,1,0
34340201,12.562,12.6579,2.1096,1.03937,1.06053,0.999921,1.00002,3,1,0
34640212,12.529,12.6376,1.9045,1.397,1.22277,0.998011,1.00038,3,1,0
34940867,12.573,12.618,1.9338,1.60727,1.38405,0.995549,1.00085,3,1,0
35240854,12.606,12.6136,1.9338,1.72726,1.54305,0.998146,1.00035,3,1,0
35540857,12.771,12.6029,1.8752,1.75808,1.69415,0.99712,1.00055,3,1,0
35840990,12.507,12.5991,1.9924,1.81785,1.8534,0.998219,1.00034,3,1,0
36140860,12.518,12.5906,1.8752,1.82495,2.00718,0.996754,1.00062,3,1,0
36441641,12.54,12.5784,2.5491,2.00258,2.19547,0.993714,1.0012,3,1,0
36741635,12.386,12.5612,2.9886,2.20428,2.40273,0.988425,1.00221,3,1,0
37041676,12.54,12.5449,2.7542,2.47707,2.64441,0.983386,1.00317,3,1,0
37353683,12.452,12.5338,3.516,2.83805,2.93352,0.980675,1.00369,3,1,0
37654465,12.43,12.5148,4.6001,3.32662,3.26994,0.974791,1.00482,3,1,0
37954442,12.056,12.4909,5.0396,3.90656,3.66498,0.966911,1.00634,3,1,0
38254652,12.331,12.4674,5.4205,4.50966,4.11424,0.959248,1.00782,3,1,0
38554479,12.353,12.4325,6.2995,5.09115,4.60944,0.946722,1.01025,3,1,0
38854435,12.32,12.4006,6.5632,5.55914,5.13256,0.935204,1.0125,3,1,0
39155494,12.441,12.3594,8.1454,6.24218,5.73635,0.920021,1.01547,3,1,0
39455284,12.056,12.3235,8.9658,7.09366,6.43005,0.907044,1.01803,3,1,0
39755269,12.188,12.2707,9.8448,8.07101,7.22274,0.887023,1.02199,3,1,0
40056063,11.913,12.2352,11.3977,8.86835,8.06018,0.874047,1.02458,3,1,0
40356050,12.001,12.1948,12.1009,9.70535,8.97346,0.858925,1.02761,3,1,0
40656083,11.935,12.1575,11.3098,10.3637,9.91969,0.844756,1.03047,3,1,0
40956091,11.968,12.1235,12.0423,10.7568,10.8662,0.831822,1.03309,3,1,0
41256841,11.836,12.0803,11.1926,10.9735,11.8098,0.814852,1.03656,3,1,0
41556875,12.111,12.0629,10.9582,10.9896,12.7296,0.808318,1.03789,3,1,0
41868887,11.616,12.0526,11.3684,10.8346,13.6467,0.804442,1.03869,3,1,0
42168881,12.045,12.047,10.6945,10.7649,14.5356,0.802397,1.03911,3,1,0
42469667,11.836,12.0286,10.7531,10.8422,15.4498,0.795007,1.04063,3,1,0
42769677,11.924,12.0162,10.4308,10.7777,16.3427,0.790022,1.04166,3,1,0
43069659,12.221,12.0121,10.7531,10.7579,17.2371,0.788432,1.04199,3,1,0
43369667,12.045,12.004,10.8117,10.6527,18.1097,0.785123,1.04268,3,1,0
43670481,11.99,11.9813,10.6652,10.5914,18.9868,0.775757,1.04462,3,1,0
43970454,12.023,11.983,11.5149,10.8322,19.9164,0.776627,1.04444,3,1,0
44270610,11.979,11.9569,11.3391,10.9445,20.845,0.765974,1.04666,3,1,0
44570471,11.814,11.9524,11.1633,11.0292,21.774,0.764348,1.047,3,1,0
44871266,11.968,11.9452,11.7786,11.0655,22.7034,0.761536,1.04758,3,1,0
45171247,11.77,11.923,10.6652,11.1097,23.6348,0.752488,1.04948,3,1,0
45471272,11.88,11.907,11.6321,11.2234,24.5845,0.746021,1.05084,3,1,0
45771265,11.88,11.9,11.8665,11.4336,25.5616,0.74323,1.05142,3,1,0
46072201,11.891,11.8871,11.427,11.4441,26.5204,0.73796,1.05253,3,1,0
46384067,11.88,11.8846,11.1633,11.3779,27.4977,0.737004,1.05274,3,1,0
46684083,11.704,11.8729,10.7531,11.4074,28.4544,0.732125,1.05377,3,1,0
46984043,11.88,11.8719,10.0792,11.1248,29.3474,0.731465,1.05391,3,1,0
47284835,11.968,11.8965,6.7683,9.95754,30.0409,0.740519,1.05199,3,1,0
47584876,12.023,11.9372,7.5594,8.7023,30.6054,0.755886,1.04877,3,1,0
47884835,11.825,11.9436,11.0461,9.21479,31.4285,0.758648,1.04819,3,1,0
48185683,11.682,11.9077,14.8551,10.4961,32.4563,0.744696,1.05111,3,1,0
48485654,11.539,11.8363,16.2322,13.1241,33.8825,0.71729,1.05691,3,1,0
48785635,12.001,11.8332,7.5301,11.9004,34.7546,0.715531,1.05729,3,1,0
49085691,12.045,11.8592,10.7238,11.0089,35.5441,0.725746,1.05512,3,1,0
49385705,10.747,11.7386,41.4302,14.7341,37.14,0.677974,1.06535,3,1,0
49686467,12.045,11.5309,8.9658,21.4754,39.9817,0.596507,1.08325,3,1,0
49986425,11.924,11.624,5.9479,15.4105,40.5058,0.631598,1.07547,3,1,0
50286638,12.089,11.7154,5.4791,11.4364,40.9565,0.666219,1.06789,3,1,0
50587406,11.792,11.7912,8.3505,9.22617,41.4374,0.695389,1.06159,3,1,0
50899284,12.034,11.8063,8.7314,9.65299,42.3351,0.70174,1.06023,3,1,0
51199291,11.99,11.8278,7.911,9.07658,43.0193,0.710099,1.05845,3,1,0
51499285,11.605,11.8527,9.669,8.83686,43.7166,0.720087,1.05632,3,1,0
51800314,12.067,11.8504,8.4677,9.43285,44.5851,0.719603,1.05642,3,1,0
52100296,11.979,11.8735,10.2843,9.01791,45.2821,0.728937,1.05444,3,1,0
52400198,11.88,11.8522,12.1009,10.0434,46.242,0.720938,1.05614,3,1,0
52700166,11.814,11.8234,12.0423,10.9682,47.2757,0.710003,1.05847,3,1,0
53000884,11.814,11.7999,13.2143,11.581,48.3185,0.701032,1.06038,3,1,0
53300859,11.836,11.7721,14.4156,12.4142,49.4572,0.690602,1.06262,3,1,0
53600993,11.814,11.7579,12.892,12.95,50.6126,0.685607,1.0637,3,1,0
53901635,11.319,11.7349,10.8996,12.4749,51.6004,0.676125,1.06575,3,1,0
54201622,11.99,11.7594,8.8486,11.292,52.4006,0.685486,1.06373,3,1,0
54501602,12.045,11.7804,8.8779,10.3027,53.1355,0.693276,1.06205,3,1,0
54801660,11.407,11.7898,10.7238,10.0787,53.9416,0.696771,1.0613,3,1,0
55102479,11.583,11.7896,11.1047,10.307,54.8269,0.696614,1.06133,3,1,0
55402454,11.748,11.7935,11.0754,10.5282,55.735,0.698299,1.06097,3,1,0
55714473,11.759,11.7764,11.3098,10.7869,56.7011,0.691409,1.06245,3,1,0
56014470,11.704,11.7522,12.2474,11.3014,57.7089,0.681901,1.0645,3,1,0
56315257,11.693,11.75,10.6945,11.3541,58.6714,0.681203,1.06465,3,1,0
56615286,11.671,11.7443,9.5518,11.1726,59.5818,0.678801,1.06517,3,1,0
56915286,11.781,11.7461,10.9875,11.0905,60.4981,0.679477,1.06502,3,1,0
57216087,11.968,11.7537,10.9875,10.84,61.3711,0.682409,1.06439,3,1,0
57516076,11.869,11.762,10.4894,10.7795,62.2623,0.685737,1.06367,3,1,0
57816069,11.671,11.7644,9.4932,10.5584,63.1167,0.686417,1.06352,3,1,0
58116062,11.748,11.7698,10.841,10.401,63.9645,0.688504,1.06307,3,1,0
58416885,11.605,11.7544,10.8996,10.6231,64.8787,0.682217,1.06443,3,1,0
58716843,11.638,11.7393,11.0461,10.8194,65.8042,0.676101,1.06575,3,1,0
59016807,11.539,11.7226,10.8996,10.8994,66.7228,0.669217,1.06724,3,1,0
59317626,11.814,11.7286,10.1378,10.687,67.5893,0.671629,1.06672,3,1,0
59617669,11.803,11.7414,10.5187,10.5265,68.4457,0.676736,1.06561,3,1,0
59917658,11.77,11.7461,9.7862,10.3025,69.2752,0.678431,1.06525,3,1,0
60229682,11.858,11.7512,10.9289,10.3635,70.1767,0.680554,1.06479,3,1,0
60530467,11.539,11.7355,12.5697,11.0482,71.1807,0.674511,1.0661,3,1,0
60830469,11.704,11.7347,12.0716,11.4686,72.1938,0.6747,1.06605,3,1,0
61130462,11.803,11.7323,10.7238,11.3103,73.1169,0.673757,1.06626,3,1,0
61430424,11.792,11.734,10.5187,11.11,74.0198,0.674385,1.06612,3,1,0
61731249,11.638,11.7351,11.134,10.9231,74.9034,0.674687,1.06606,3,1,0
62031376,11.759,11.7322,11.1047,11.0373,75.8389,0.673564,1.0663,3,1,0
62331261,11.77,11.7122,11.427,11.1374,76.7801,0.665268,1.0681,3,1,0
62632077,11.616,11.6945,11.0754,11.2033,77.7243,0.657939,1.0697,3,1,0
62932054,11.836,11.6995,11.3684,11.2066,78.6583,0.660092,1.06923,3,1,0
63232079,11.396,11.6927,11.0754,11.1197,79.575,0.657275,1.06984,3,1,0
63532083,11.55,11.691,8.7021,10.812,80.4433,0.656351,1.07004,3,1,0
63832835,11.858,11.707,10.4308,10.5995,81.3012,0.662736,1.06865,3,1,0
64132860,11.803,11.7056,10.1378,10.3988,82.1412,0.661985,1.06881,3,1,0
64432855,11.649,11.7058,11.1047,10.4039,83.0047,0.661971,1.06882,3,1,0
64733666,11.561,11.6754,12.892,11.5332,84.1099,0.650204,1.07138,3,1,0
65045671,11.55,11.6694,8.4677,11.2694,85.0672,0.647685,1.07193,3,1,0
65345654,11.814,11.692,9.8448,10.5787,85.8583,0.656537,1.07,3,1,0
65646560,11.979,11.7063,9.376,10.2226,86.6706,0.662011,1.06881,3,1,0
65946457,11.946,11.719,10.6945,10.0909,87.4891,0.667056,1.06771,3,1,0
66246445,11.671,11.7033,11.3684,10.5089,88.4189,0.660718,1.06909,3,1,0
66546505,11.858,11.7003,11.427,10.7323,89.342,0.659697,1.06931,3,1,0
66847429,11.627,11.6893,10.6652,10.8025,90.2534,0.655281,1.07027,3,1,0
67147283,11.847,11.6914,10.4601,10.8507,91.1649,0.656234,1.07007,3,1,0
67447502,11.671,11.6952,10.9875,10.7257,92.0415,0.657742,1.06974,3,1,0
67748062,11.748,11.6894,11.3098,10.843,92.9607,0.655414,1.07025,3,1,0
68048096,11.572,11.6738,11.0168,10.9924,93.8935,0.649116,1.07162,3,1,0
68348201,11.495,11.654,12.7162,11.5333,94.9178,0.641385,1.07332,3,1,0
68648855,11.297,11.638,12.7162,11.9479,95.9692,0.635303,1.07465,3,1,0
68948841,11.748,11.6391,11.1926,11.881,96.957,0.63588,1.07452,3,1,0
69248835,11.66,11.6495,10.6945,11.5133,97.8699,0.639998,1.07362,3,1,0
69560854,11.803,11.6473,11.0461,11.3625,98.8372,0.638918,1.07386,3,1,0
69861832,11.55,11.6481,10.6066,11.1761,99.7474,0.639104,1.07382,3,1,0
70161648,11.341,11.6437,10.9875,11.1004,100.662,0.637195,1.07424,3,1,0
70461648,11.572,11.6556,10.6652,11.0167,101.571,0.642051,1.07317,3,1,0
70762463,11.759,11.6518,11.8079,11.0305,102.494,0.64046,1.07352,3,1,0
71062471,11.814,11.6533,11.3684,11.1258,103.431,0.641119,1.07337,3,1,0
71362450,11.55,11.6318,13.478,11.7614,104.485,0.632637,1.07524,3,1,0
71663273,11.484,11.6243,10.6066,11.6117,105.445,0.629546,1.07592,3,1,0
71963271,11.737,11.6223,10.2843,11.0844,106.304,0.628265,1.0762,3,1,0
72263272,11.627,11.6442,9.8448,10.5631,107.117,0.636856,1.07431,3,1,0
72564063,11.726,11.6612,10.6359,10.3945,107.962,0.643675,1.07281,3,1,0
72864060,11.682,11.657,10.9289,10.5814,108.866,0.642011,1.07318,3,1,0
73164094,11.825,11.6601,10.255,10.4482,109.724,0.643162,1.07293,3,1,0
73464842,11.473,11.6707,9.7862,10.2681,110.558,0.647339,1.07201,3,1,0
73764859,11.583,11.6628,10.9289,10.3564,111.428,0.644068,1.07273,3,1,0
74065056,11.693,11.6506,11.4856,10.6798,112.359,0.639167,1.0738,3,1,0
74365658,11.638,11.6424,12.9799,11.1922,113.352,0.636165,1.07446,3,1,0
74677624,11.572,11.6218,14.6207,12.2475,114.539,0.628582,1.07613,3,1,0
74977654,11.715,11.6098,13.3901,12.8944,115.698,0.624395,1.07706,3,1,0
75277638,11.55,11.5955,11.8665,12.6,116.713,0.618608,1.07834,3,1,0
75578604,11.484,11.5951,9.6983,12.0435,117.656,0.61819,1.07843,3,1,0
75878454,11.77,11.6029,10.4601,11.4121,118.529,0.620963,1.07782,3,1,0
76178491,11.704,11.6138,9.9913,10.946,119.384,0.624971,1.07693,3,1,0
76479227,11.891,11.6267,10.255,10.5438,120.214,0.629852,1.07585,3,1,0
76779272,11.715,11.626,11.1633,10.5678,121.094,0.629414,1.07595,3,1,0
77079398,11.814,11.6253,11.0461,10.5999,121.984,0.629091,1.07602,3,1,0
77380211,11.649,11.6141,10.6652,10.6431,122.878,0.624393,1.07706,3,1,0
77680239,11.561,11.6168,10.7238,10.6495,123.767,0.625502,1.07681,3,1,0
77980224,11.627,11.6227,10.8117,10.6528,124.655,0.627916,1.07628,3,1,0
78280854,11.737,11.6336,10.9289,10.7733,125.57,0.632485,1.07527,3,1,0
78580872,11.715,11.6288,10.8117,10.8332,126.482,0.630512,1.07571,3,1,0
78880840,11.385,11.6024,10.8117,10.8246,127.381,0.619512,1.07814,3,1,0
79181654,11.704,11.5906,11.0461,10.9426,128.31,0.614685,1.07921,3,1,0
79493657,11.506,11.597,10.2257,10.9683,129.265,0.617423,1.0786,3,1,0
79793659,11.396,11.5903,11.4563,11.1415,130.212,0.614805,1.07918,3,1,0
80094497,11.627,11.5781,12.8334,11.6282,131.244,0.610212,1.0802,3,1,0
80394439,11.198,11.5663,12.1302,12.0173,132.294,0.605759,1.08119,3,1,0
80695279,11.374,11.5623,14.3277,12.3884,133.371,0.604502,1.08147,3,1,0
80995265,11.352,11.5445,12.2474,12.4513,134.417,0.5974,1.08305,3,1,0
81295266,11.473,11.5307,12.2767,12.3129,135.425,0.591791,1.08431,3,1,0
81596085,11.66,11.5455,10.9875,11.8699,136.366,0.597677,1.08299,3,1,0
81896062,11.572,11.5564,10.2257,11.3225,137.244,0.601742,1.08209,3,1,0
82196049,11.385,11.5646,10.7238,10.8457,138.085,0.604605,1.08145,3,1,0
82496858,11.473,11.5763,10.1378,10.8454,138.992,0.609311,1.0804,3,1,0
82796854,11.715,11.5949,10.5773,10.6367,139.854,0.616741,1.07875,3,1,0
83097072,11.704,11.5978,10.9289,10.599,140.733,0.617774,1.07852,3,1,0
83397635,11.605,11.598,10.4308,10.5052,141.601,0.617704,1.07854,3,1,0
83697635,11.638,11.6037,10.6066,10.5068,142.478,0.6199,1.07805,3,1,0
83997654,11.814,11.6138,10.3429,10.2677,143.305,0.623863,1.07717,3,1,0
84298454,11.374,11.6074,11.134,10.4007,144.189,0.621178,1.07777,3,1,0
84610467,11.517,11.6116,12.0716,10.7998,145.171,0.623155,1.07733,3,1,0
84910435,11.473,11.5931,12.0716,11.5359,146.226,0.616099,1.07889,3,1,0
85211298,11.539,11.5772,12.5697,11.9414,147.276,0.610009,1.08024,3,1,0
85511254,11.704,11.5636,10.8996,11.9723,148.284,0.604579,1.08145,3,1,0
85811259,11.495,11.5627,10.4308,11.5104,149.185,0.603934,1.0816,3,1,0
86112073,11.528,11.5588,11.8372,11.4795,150.135,0.602119,1.082,3,1,0
86412056,11.198,11.531,13.3901,12.2472,151.242,0.591112,1.08446,3,1,0
86712870,11.495,11.4887,14.4156,13.2643,152.484,0.574484,1.0882,3,1,0
87012854,11.814,11.508,7.911,12.5057,153.459,0.582253,1.08645,3,1,0
87313051,11.715,11.5619,6.8269,10.276,154.035,0.602564,1.0819,3,1,0
87613683,11.803,11.5975,7.1199,8.98565,154.622,0.615672,1.07899,3,1,0
87913819,11.825,11.6154,10.5773,8.67935,155.295,0.622393,1.0775,3,1,0
88213652,11.319,11.6055,11.5442,9.51552,156.188,0.618658,1.07833,3,1,0
88514440,11.638,11.5978,11.4563,10.1116,157.108,0.61597,1.07892,3,1,0
88814439,11.77,11.579,10.4601,10.4221,158.018,0.608563,1.08057,3,1,0
89114471,11.363,11.555,12.6283,11.3286,159.075,0.599514,1.08258,3,1,0
89427281,11.385,11.5166,13.5073,12.2243,160.25,0.584626,1.08592,3,1,0
89727288,11.55,11.5194,10.0499,12.0225,161.239,0.586038,1.0856,3,1,0
90028070,11.561,11.5369,10.1671,11.2791,162.088,0.592853,1.08407,3,1,0
90328082,11.506,11.556,10.0499,10.965,162.96,0.600585,1.08234,3,1,0
90628089,11.352,11.558,10.8996,10.9153,163.863,0.601314,1.08218,3,1,0
90928840,11.561,11.556,10.3136,10.8417,164.761,0.600422,1.08238,3,1,0
91229077,11.55,11.5574,10.3429,10.7867,165.654,0.600969,1.08226,3,1,0
91528854,11.319,11.5491,13.0678,11.2263,166.636,0.597849,1.08295,3,1,0
91829809,11.528,11.5362,12.9799,12.241,167.793,0.593418,1.08395,3,1,0
92129688,11.506,11.5221,12.599,12.3834,168.844,0.587879,1.08519,3,1,0
92430621,11.649,11.5294,9.6397,11.8235,169.775,0.590631,1.08457,3,1,0
92730481,11.77,11.5556,9.0244,10.6197,170.508,0.600409,1.08238,3,1,0
93030467,11.539,11.5765,9.1416,9.95689,171.252,0.608221,1.08064,3,1,0
93331386,11.286,11.5475,15.0602,10.6501,172.212,0.596399,1.08328,3,1,0
93631291,11.363,11.4602,18.1367,13.2848,173.65,0.562189,1.09098,3,1,0
93932085,11.539,11.4558,8.1454,13.1211,174.768,0.56075,1.09131,3,1,0
94232046,11.814,11.4994,7.618,11.022,175.423,0.577215,1.08758,3,1,0
94544082,11.154,11.4923,13.478,11.2002,176.389,0.574127,1.08828,3,1,0
94844802,11.539,11.483,12.8334,11.9433,177.484,0.57098,1.08899,3,1,0
95144882,11.539,11.4815,10.9875,11.9503,178.485,0.570569,1.08908,3,1,0
95445649,11.286,11.4764,9.4932,11.5061,179.39,0.568177,1.08962,3,1,0
95745702,11.528,11.4866,10.7824,11.1837,180.279,0.572138,1.08873,3,1,0
96045635,11.726,11.4963,10.8703,11.3402,181.237,0.575788,1.08791,3,1,0
96346476,11.528,11.4488,24.2018,13.3916,182.572,0.555797,1.09243,3,1,0
96646470,11.55,11.453,13.6538,12.8307,183.564,0.557225,1.09211,3,1,0
96947255,11.418,11.4478,16.6131,12.5581,184.563,0.554794,1.09266,3,1,0
97247301,11.55,11.4272,12.7748,12.3672,185.566,0.545863,1.09469,3,1,0
97547256,11.583,11.382,10.1085,14.4181,187.017,0.526769,1.09907,3,1,0
97848253,11.22,11.3938,9.9327,13.6758,188.083,0.5314,1.098,3,1,0
98148088,11.407,11.4042,10.1671,13.0425,189.119,0.535203,1.09713,3,1,0
98448854,11.726,11.4416,6.5925,11.926,189.989,0.549844,1.09379,3,1,0
98749041,11.66,11.4845,6.9441,10.1288,190.605,0.566669,1.08996,3,1,0
99049655,11.583,11.5249,12.0423,9.52153,191.307,0.583287,1.08622,3,1,0
99349654,11.495,11.5076,11.6614,10.4428,192.295,0.577262,1.08757,3,1,0
99649674,11.671,11.4874,12.4525,11.0804,193.297,0.569956,1.08922,3,1,0
99950454,11.198,11.4597,23.0005,12.0465,194.403,0.559034,1.0917,3,1,0
100262444,11.187,11.4339,14.1519,13.0999,195.673,0.549357,1.0939,3,1,0
100562422,11.286,11.3833,12.599,14.7657,197.135,0.529208,1.09851,3,1,0
100863364,10.835,11.3503,18.4883,14.9382,198.409,0.516082,1.10153,3,1,0
101163263,11.495,11.3386,8.3798,14.5337,199.612,0.510881,1.10274,3,1,0
101464233,11.561,11.3699,8.8193,12.4526,200.396,0.522977,1.09994,3,1,0
101764069,11.506,11.4074,8.2333,10.7749,201.083,0.537549,1.09659,3,1,0
102065028,11.616,11.4517,8.8193,10.1085,201.845,0.555161,1.09258,3,1,0
102364854,11.55,11.4701,9.376,9.80318,202.619,0.562592,1.09089,3,1,0
102664835,11.231,11.4778,10.841,10.1336,203.5,0.566074,1.0901,3,1,0
102965667,11.484,11.4683,13.0092,10.8797,204.494,0.56289,1.09082,3,1,0
103265654,11.264,11.4516,12.8041,11.647,205.562,0.556977,1.09216,3,1,0
103566641,11.33,11.4368,11.4856,11.7485,206.559,0.551303,1.09345,3,1,0
103866461,11.264,11.4301,12.3353,11.9915,207.587,0.548968,1.09399,3,1,0
104167301,11.264,11.4022,14.4449,12.642,208.72,0.538123,1.09646,3,1,0
104467235,11.638,11.3848,12.0716,12.8473,209.828,0.531417,1.098,3,1,0
104767309,10.769,11.35,21.4769,13.9635,211.067,0.516235,1.1015,3,1,0
105068067,11.484,11.2417,11.8079,17.8323,213.157,0.470363,1.1122,3,1,0
105380269,11.66,11.3042,7.9989,14.1548,213.933,0.495298,1.10636,3,1,0
105680860,11.748,11.3621,8.1454,11.6246,214.582,0.518198,1.10104,3,1,0
105980887,11.704,11.4057,7.5008,10.1469,215.24,0.535479,1.09707,3,1,0
106281654,10.945,11.3309,29.3,14.2393,216.82,0.503635,1.10442,3,1,0
106581643,11.473,11.2823,8.6435,16.0362,218.47,0.483021,1.10923,3,1,0
106882455,11.792,11.3542,7.2078,12.5696,219.083,0.512141,1.10245,3,1,0
107182435,11.737,11.4072,7.5008,10.3903,219.672,0.533441,1.09754,3,1,0
107482454,11.616,11.4544,7.3543,9.1333,220.273,0.552616,1.09315,3,1,0
107783275,10.967,11.3006,22.9712,15.2988,222.302,0.488427,1.10796,3,1,0
108083250,11.055,11.2774,14.8258,15.4896,223.642,0.478953,1.11018,3,1,0
108384084,11.396,11.314,8.0868,13.1406,224.465,0.494329,1.10658,3,1,0
108684086,11.638,11.3633,8.2626,11.0626,225.124,0.514778,1.10184,3,1,0
108984847,11.506,11.4026,8.9072,9.92911,225.804,0.531268,1.09803,3,1,0
109284883,11.44,11.4079,10.0499,9.88597,226.619,0.534186,1.09737,3,1,0
109584835,11.396,11.4154,12.1302,10.1974,227.503,0.538306,1.09642,3,1,0
109885654,10.45,11.3443,17.4628,12.4462,228.805,0.511088,1.10269,3,1,0
110185635,11.44,11.294,16.115,14.3466,230.246,0.49273,1.10696,3,1,0
110486454,11.308,11.3119,11.6907,13.5811,231.297,0.500744,1.10509,3,1,0
110786467,10.758,11.1858,19.8654,18.3489,233.334,0.44818,1.11745,3,1,0
111099299,11.462,11.1559,10.1378,17.8966,234.94,0.434989,1.1206,3,1,0
111399285,11.638,11.2269,7.911,14.0937,235.638,0.463259,1.11388,3,1,0
111700283,11.473,11.292,7.6473,11.6035,236.291,0.489094,1.10781,3,1,0
112000211,11.649,11.3425,8.204,10.0659,236.936,0.509167,1.10313,3,1,0
112300991,10.56,11.2238,34.6033,14.8688,238.723,0.458891,1.11491,3,1,0
112600854,11.374,11.2661,7.0906,13.239,239.664,0.475917,1.1109,3,1,0
112900862,11.671,11.3326,6.9734,10.8436,240.268,0.502721,1.10463,3,1,0
113201635,11.44,11.3755,7.5887,9.37332,240.865,0.519956,1.10064,3,1,0
113501663,11.704,11.4042,9.8448,9.18821,241.601,0.532123,1.09784,3,1,0
113802462,11.242,11.3894,13.3315,9.90643,242.509,0.527104,1.09899,3,1,0
114102729,11.297,11.3458,16.0564,11.9772,243.766,0.511285,1.10264,3,1,0
114403275,11.297,11.3046,15.2946,13.2904,245.046,0.496237,1.10614,3,1,0
114703300,11.352,11.2844,12.8627,13.5116,246.209,0.489048,1.10782,3,1,0
115004088,11.33,11.2927,12.306,13.2108,247.276,0.492926,1.10691,3,1,0
115304071,11.187,11.1904,18.6934,16.9527,249.194,0.449787,1.11707,3,1,0
115604905,11.506,11.2197,8.2919,14.479,250.125,0.460836,1.11445,3,1,0
115904873,11.418,11.2722,7.8524,11.8438,250.779,0.481405,1.10961,3,1,0
116204871,11.55,11.3266,11.5149,10.4132,251.46,0.503062,1.10455,3,1,0
116505663,11.616,11.2739,9.4932,14.0829,253.079,0.480473,1.10983,3,1,0
116818142,11.55,11.2937,9.083,12.1213,253.894,0.488369,1.10798,3,1,0
117118799,11.638,11.3311,7.7059,10.662,254.593,0.50311,1.10454,3,1,0
117418952,11.363,11.3504,9.7276,10.4087,255.417,0.511059,1.1027,3,1,0
117719424,11.319,11.3509,12.5697,10.2971,256.25,0.511491,1.1026,3,1,0
118020042,11.055,11.2943,16.701,12.923,257.658,0.490602,1.10745,3,1,0
118320562,11.143,11.2635,13.3315,14.0171,258.976,0.479789,1.10999,3,1,0
118620795,11.132,11.2658,11.3684,13.1135,259.962,0.48102,1.1097,3,1,0
119221292,11.484,11.3052,11.2512,11.4483,261.691,0.496508,1.10608,3,1,0
119521807,11.418,11.3,12.6869,11.5264,262.66,0.494529,1.10654,3,1,0
119822389,11.363,11.2898,15.236,12.3226,263.78,0.491124,1.10733,3,1,0
120122475,11.077,11.2569,14.2398,13.3266,265.021,0.478586,1.11027,3,1,0
120422891,11.264,11.2621,10.3136,12.5719,265.98,0.480548,1.10981,3,1,0
120723072,11.583,11.2952,10.1378,11.5818,266.823,0.493579,1.10676,3,1,0
121023433,11.165,11.3071,10.8996,11.0493,267.67,0.497973,1.10573,3,1,0
121324011,11.517,11.31,12.2474,10.9989,268.578,0.498939,1.10551,3,1,0
121624331,11.319,11.3088,11.1633,11.2781,269.559,0.498546,1.1056,3,1,0
121924517,11.044,11.3085,11.3684,11.2372,270.492,0.498394,1.10564,3,1,0
122225087,10.978,11.3191,11.8079,11.4156,271.464,0.502956,1.10458,3,1,0
122536867,11.308,11.308,10.7824,11.613,272.5,0.498572,1.1056,3,1,0
122836835,11.539,11.3146,10.6066,11.2168,273.386,0.501014,1.10503,3,1,0
123137663,11.407,11.3079,9.8741,10.8041,274.238,0.497832,1.10577,3,1,0
123437675,11.264,11.3189,9.8155,10.4397,275.062,0.502008,1.1048,3,1,0
123738454,11.33,11.3068,11.1047,10.6449,275.972,0.496994,1.10596,3,1,0
124038488,11.275,11.306,11.2512,11.116,276.959,0.49704,1.10595,3,1,0
124339246,11.099,11.2993,11.72,11.314,277.93,0.494481,1.10655,3,1,0
124639465,11.286,11.3041,11.6614,11.39,278.888,0.496547,1.10607,3,1,0
124940205,11.33,11.2981,11.8665,11.4145,279.845,0.494101,1.10664,3,1,0
125240203,11.242,11.3041,10.9875,11.2359,280.76,0.496499,1.10608,3,1,0
125540867,11.154,11.307,10.4894,11.0507,281.66,0.49753,1.10584,3,1,0
125840835,11.352,11.298,10.7531,10.821,282.533,0.493577,1.10676,3,1,0
126141635,11.176,11.289,10.6066,10.8051,283.432,0.489699,1.10767,3,1,0
126441687,11.363,11.2955,11.1926,10.7889,284.329,0.492416,1.10703,3,1,0
126741635,11.143,11.2878,12.306,11.6136,285.395,0.489815,1.10764,3,1,0
127042467,11.077,11.2729,11.1047,11.9211,286.435,0.484087,1.10898,3,1,0
127343259,11.242,11.2723,12.306,11.9109,287.428,0.484006,1.109,3,1,0
127643278,11.044,11.2733,11.2805,11.9319,288.426,0.484517,1.10888,3,1,0
127944068,11.308,11.2812,10.0792,11.4311,289.323,0.487525,1.10817,3,1,0
128256090,11.341,11.2859,10.7824,11.0335,290.228,0.489088,1.10781,3,1,0
128556085,11.484,11.291,10.841,10.8655,291.114,0.490891,1.10739,3,1,0
128856835,11.176,11.285,9.669,10.6942,291.985,0.488171,1.10802,3,1,0
129156839,11.264,11.2915,11.7493,10.7201,292.876,0.490853,1.1074,3,1,0
129457660,11.099,11.2874,12.3353,11.261,293.882,0.489505,1.10771,3,1,0
129757654,11.308,11.2724,11.9837,11.5987,294.892,0.483642,1.10908,3,1,0
130058479,11.319,11.2816,11.0754,11.4121,295.826,0.487418,1.1082,3,1,0
130358456,11.121,11.2776,11.5442,11.4249,296.777,0.48581,1.10857,3,1,0
130659278,11.176,11.2744,10.8703,11.2663,297.703,0.484446,1.10889,3,1,0
130959291,10.868,11.2742,10.4601,11.0144,298.59,0.484094,1.10898,3,1,0
131260295,11.341,11.2834,10.6066,10.8407,299.475,0.487684,1.10814,3,1,0
131560244,11.308,11.2832,10.7531,10.7434,300.357,0.48747,1.10819,3,1,0
131860861,10.901,11.2722,11.5149,10.9542,301.295,0.483007,1.10923,3,1,0
132160835,11.451,11.2698,12.5697,11.4255,302.307,0.482371,1.10938,3,1,0
132461637,11.154,11.2614,12.8041,11.736,303.328,0.479208,1.11012,3,1,0
132761626,11.088,11.2462,12.1302,12.2006,304.404,0.473411,1.11148,3,1,0
133061670,11.143,11.2257,13.6245,12.6149,305.505,0.465466,1.11336,3,1,0
133362474,11.286,11.2178,11.9544,12.5954,306.561,0.462388,1.11408,3,1,0
133662454,11.231,11.232,9.4932,11.5569,307.397,0.467557,1.11286,3,1,0
133975483,11.341,11.2545,10.2843,10.8598,308.254,0.476158,1.11084,3,1,0
134276043,11.352,11.253,12.4818,10.8583,309.156,0.475318,1.11104,3,1,0
134576080,11.264,11.2473,13.3315,11.5887,310.21,0.473386,1.11149,3,1,0
134876203,10.989,11.2408,12.013,12.0716,311.285,0.471158,1.11202,3,1,0
135176878,11.132,11.2198,13.8003,12.7342,312.428,0.463123,1.11391,3,1,0
135476876,11.154,11.2139,11.3098,12.5998,313.474,0.460867,1.11444,3,1,0
135777654,11.264,11.2229,12.1302,12.1929,314.434,0.46437,1.11362,3,1,0
136077662,11.407,11.2204,10.4894,11.7938,315.374,0.462996,1.11394,3,1,0
136378454,11.242,11.2309,10.5773,11.2522,316.244,0.466802,1.11304,3,1,0
136678454,11.297,11.2402,10.7824,10.9024,317.108,0.470238,1.11223,3,1,0
136978732,11.33,11.2488,11.1633,10.8048,317.995,0.47352,1.11146,3,1,0
137279288,11.264,11.2516,11.8665,11.1438,318.966,0.474852,1.11115,3,1,0
137579293,11.275,11.2435,11.9251,11.3457,319.936,0.471691,1.11189,3,1,0
137880226,11.176,11.2394,12.306,11.576,320.934,0.470222,1.11224,3,1,0
138180852,11.264,11.2308,11.7493,11.6092,321.907,0.466721,1.11306,3,1,0
138480854,11.275,11.2376,12.013,11.185,322.786,0.469207,1.11248,3,1,0
138780883,11.275,11.2381,10.9289,10.9656,323.674,0.469114,1.1125,3,1,0
139081635,11.022,11.2145,15.0016,11.7473,324.744,0.459846,1.11469,3,1,0
139381679,11.33,11.2065,11.5442,12.2775,325.847,0.457157,1.11532,3,1,0
139682435,11.209,11.1993,11.1926,11.7356,326.763,0.453845,1.11611,3,1,0
139994637,11.242,11.2069,12.2474,11.7763,327.785,0.457004,1.11536,3,1,0
140295268,11.275,11.2075,12.1595,11.8178,328.777,0.45736,1.11527,3,1,0
140595246,11.121,11.2006,11.4856,11.8499,329.769,0.454573,1.11594,3,1,0
140896269,11.363,11.1959,11.7493,11.8312,330.756,0.452673,1.11639,3,1,0
141196083,11.308,11.2028,10.5773,11.6318,331.704,0.455393,1.11574,3,1,0
141496861,11.11,11.2023,11.3098,11.5528,332.66,0.455059,1.11582,3,1,0
141797028,11.308,11.2072,11.6907,11.4737,333.605,0.457029,1.11535,3,1,0
142097654,11.0,11.2109,11.5735,11.6163,334.592,0.458649,1.11497,3,1,0
142397675,11.022,11.2087,11.72,11.7355,335.586,0.457849,1.11516,3,1,0
142698450,11.352,11.2119,11.0754,11.6359,336.548,0.459139,1.11485,3,1,0
142998648,11.374,11.2198,11.2805,11.2075,337.426,0.462082,1.11416,3,1,0
143298626,11.077,11.2141,11.6907,11.4575,338.41,0.459812,1.11469,3,1,0
143599308,11.407,11.22,12.0423,11.626,339.402,0.46243,1.11407,3,1,0
143900211,11.209,11.2128,11.9544,11.7977,340.409,0.459504,1.11477,3,1,0
144200221,11.132,11.2041,11.8372,11.9066,341.415,0.455993,1.1156,3,1,0
144500854,11.341,11.1985,12.8041,12.1324,342.454,0.453936,1.11609,3,1,0
144800860,10.956,11.1729,13.6538,12.4641,343.533,0.443662,1.11853,3,1,0
145101648,10.758,11.1627,11.72,12.3268,344.551,0.43953,1.11952,3,1,0
145401677,11.055,11.1562,11.3977,12.1937,345.551,0.436713,1.12019,3,1,0
145714464,11.396,11.1543,11.0168,12.0072,346.571,0.4358,1.12041,3,1,0
146014894,11.363,11.1699,11.3098,11.7165,347.513,0.442041,1.11892,3,1,0
146315017,11.286,11.191,10.3136,11.1617,348.374,0.450269,1.11696,3,1,0
146615467,11.374,11.2023,10.1671,10.802,349.229,0.45446,1.11596,3,1,0
146916086,11.22,11.2081,10.3429,10.5702,350.083,0.456532,1.11547,3,1,0
147216639,11.176,11.2157,10.1964,10.4938,350.947,0.459412,1.11479,3,1,0
147516901,11.308,11.2182,10.548,10.4493,351.813,0.460223,1.1146,3,1,0
147817215,11.143,11.2263,10.4894,10.4166,352.677,0.463484,1.11383,3,1,0
148117346,11.319,11.2185,12.7162,11.1129,353.687,0.460739,1.11447,3,1,0
148417802,11.187,11.1804,14.65,12.4309,354.892,0.4461,1.11795,3,1,0
148718340,11.429,11.1736,9.6104,11.9351,355.847,0.443157,1.11865,3,1,0
149018744,11.264,11.1889,9.7276,10.9379,356.631,0.448719,1.11733,3,1,0
149318879,11.44,11.1955,10.8996,10.6784,357.487,0.451135,1.11675,3,1,0
149619412,10.791,11.1915,12.306,10.8657,358.413,0.449505,1.11714,3,1,0
149919646,11.22,11.1772,12.5697,11.2242,359.394,0.443821,1.11849,3,1,0
150220253,10.989,11.1662,11.6614,11.6081,360.413,0.43961,1.1195,3,1,0
150520823,10.857,11.1587,10.9289,11.722,361.406,0.43671,1.12019,3,1,0
150821111,10.989,11.1456,12.1888,11.8202,362.404,0.431445,1.12145,3,1,0
151121354,10.978,11.1403,11.0461,11.757,363.381,0.429274,1.12197,3,1,0
151421805,11.187,11.159,10.4015,11.4362,364.298,0.436853,1.12015,3,1,0
151733703,11.154,11.1621,11.5149,11.143,365.224,0.437807,1.11993,3,1,0
152034481,11.22,11.1658,11.427,11.0575,366.134,0.439121,1.11961,3,1,0
152334495,11.33,11.1621,11.8079,11.0026,367.044,0.437443,1.12001,3,1,0
152635251,11.121,11.1679,11.72,11.2738,368.02,0.439934,1.11942,3,1,0
152936093,11.022,11.1542,10.1964,11.2924,368.968,0.434325,1.12076,3,1,0
153236060,11.077,11.1487,11.0461,11.2934,369.91,0.432129,1.12128,3,1,0
153536068,11.319,11.1585,11.8372,11.3732,370.869,0.436271,1.12029,3,1,0
153836857,11.286,11.1622,9.4639,11.2294,371.794,0.43774,1.11994,3,1,0
154137019,11.374,11.1724,10.548,10.9614,372.673,0.441819,1.11897,3,1,0
154437639,11.352,11.1782,10.6066,10.7458,373.544,0.443951,1.11846,3,1,0
154737694,11.088,11.1749,11.9544,10.8592,374.458,0.442605,1.11878,3,1,0
155038636,11.132,11.1711,10.9582,11.1785,375.437,0.441249,1.1191,3,1,0
155339466,11.341,11.1846,10.5773,10.9563,376.326,0.446677,1.11781,3,1,0
155639288,11.121,11.1825,11.6321,10.8746,377.217,0.44571,1.11804,3,1,0
155940097,11.077,11.1666,12.2767,11.3056,378.217,0.43949,1.11952,3,1,0
156240296,11.121,11.153,12.7748,11.6998,379.24,0.434267,1.12077,3,1,0
156540304,10.945,11.1252,14.2984,12.6031,380.403,0.42356,1.12334,3,1,0
156840880,11.242,11.1106,10.2843,12.5573,381.465,0.417706,1.12475,3,1,0
157140879,11.121,11.1358,10.8703,11.4836,382.285,0.427492,1.1224,3,1,0
157441706,10.813,11.1336,11.7786,11.2261,383.181,0.426211,1.1227,3,1,0
157742454,10.978,11.1362,10.9875,11.4794,384.175,0.427455,1.12241,3,1,0
158054592,11.066,11.1319,11.6907,11.4272,385.158,0.425671,1.12283,3,1,0
158354480,11.011,11.136,11.8372,11.5145,386.125,0.42745,1.12241,3,1,0
158655242,10.967,11.1234,11.6614,11.5961,387.104,0.422287,1.12365,3,1,0
158956092,11.286,11.1226,11.427,11.5451,388.064,0.421922,1.12373,3,1,0
159256069,11.231,11.1338,10.2257,11.0402,388.922,0.426171,1.12271,3,1,0
159556843,11.231,11.1565,9.6104,10.3373,389.699,0.43486,1.12063,3,1,0
159856828,11.308,11.1786,10.6359,9.98404,390.483,0.443476,1.11857,3,1,0
160157655,11.165,11.1525,14.2691,11.0423,391.523,0.433252,1.12102,3,1,0
160457623,10.923,11.1083,14.5914,12.8977,392.836,0.41659,1.12502,3,1,0
160758454,11.33,11.1175,10.0499,12.059,393.751,0.420146,1.12416,3,1,0
161058630,11.407,11.1355,11.3098,11.5681,394.648,0.427138,1.12248,3,1,0
161359410,11.308,11.1546,8.9658,10.9758,395.495,0.4345,1.12072,3,1,0
161659377,11.363,11.1821,9.4639,10.0107,396.207,0.44495,1.11822,3,1,0
161960188,11.154,11.1798,10.7824,10.2953,397.102,0.443878,1.11848,3,1,0
162260223,10.901,11.1603,14.7672,11.0587,398.105,0.436316,1.12028,3,1,0
162560866,11.165,11.0996,16.701,12.7297,399.371,0.412551,1.12599,3,1,0
162861083,11.11,11.0957,11.3391,12.5627,400.408,0.411238,1.12631,3,1,0
163161709,11.165,11.1155,10.3429,11.4874,401.231,0.418786,1.12449,3,1,0
163461667,10.648,11.1231,9.376,11.0185,402.091,0.42148,1.12384,3,1,0
163762504,11.319,11.1256,12.9506,11.0855,403.016,0.422483,1.1236,3,1,0
164074481,11.022,11.1185,12.1009,11.4379,404.052,0.419841,1.12424,3,1,0
164375306,10.967,11.1009,12.0423,11.6361,405.048,0.412767,1.12594,3,1,0
164675305,11.264,11.1009,12.1888,11.8146,406.057,0.412927,1.1259,3,1,0
164976050,11.132,11.1035,10.4894,11.5305,406.989,0.413827,1.12568,3,1,0
165276208,10.934,11.1089,9.962,11.1116,407.862,0.4157,1.12523,3,1,0
165576860,11.264,11.1087,10.6359,10.8283,408.729,0.415267,1.12534,3,1,0
165876835,11.264,11.1211,11.6907,10.9994,409.663,0.420502,1.12408,3,1,0
166177681,11.11,11.1266,11.9251,11.2497,410.632,0.423,1.12348,3,1,0
166477635,11.022,11.1166,11.3684,11.3586,411.596,0.419067,1.12442,3,1,0
166778458,11.088,11.1107,11.134,11.4237,412.56,0.416784,1.12497,3,1,0
167078681,11.341,11.1056,11.72,11.4521,413.518,0.414688,1.12548,3,1,0
167379458,11.033,11.0973,11.7493,11.4616,414.476,0.411263,1.1263,3,1,0
167679286,11.319,11.0949,12.8627,11.5615,415.45,0.410396,1.12651,3,1,0
167980209,11.066,11.0872,11.8079,11.7798,416.465,0.407266,1.12727,3,1,0
168280096,10.912,11.0744,11.9251,11.9596,417.483,0.40202,1.12854,3,1,0
168580861,10.912,11.0504,11.72,12.6087,418.61,0.392071,1.13096,3,1,0
168880860,11.121,11.0518,11.6907,12.2256,419.58,0.392675,1.13081,3,1,0
169181678,11.011,11.0412,12.013,12.1397,420.582,0.388329,1.13187,3,1,0
169481665,11.0,11.0339,15.0016,12.7163,421.702,0.385792,1.13249,3,1,0
169782455,10.923,10.9973,15.1481,14.024,423.041,0.371873,1.1359,3,1,0
170095263,10.912,10.982,12.7748,14.2412,424.318,0.366016,1.13734,3,1,0
170395440,11.055,11.0135,10.6652,12.6934,425.182,0.378112,1.13437,3,1,0
170696268,11.055,11.0283,9.6983,11.7692,426.052,0.38354,1.13304,3,1,0
170996043,10.967,11.0475,11.0754,11.3871,426.953,0.391068,1.13121,3,1,0
171296872,10.813,11.0498,14.3277,11.6188,427.939,0.392053,1.13097,3,1,0
171597084,10.934,11.0291,11.4563,12.2785,429.055,0.383991,1.13293,3,1,0
171897654,10.868,11.0467,10.4015,11.493,429.918,0.390672,1.1313,3,1,0
172197665,11.264,11.0708,10.4601,10.824,430.733,0.399932,1.12905,3,1,0
172498435,11.198,11.0849,10.7824,10.5824,431.588,0.405382,1.12773,3,1,0
172798467,10.956,11.0929,10.4601,10.3698,432.42,0.408263,1.12703,3,1,0
173099288,11.077,11.086,11.1047,10.8247,433.381,0.405641,1.12766,3,1,0
173399405,11.286,11.0783,12.013,11.0875,434.337,0.402654,1.12839,3,1,0
173700225,11.066,11.0792,10.0499,11.0249,435.259,0.402977,1.12831,3,1,0
174000227,11.0,11.0773,11.2512,10.8884,436.146,0.40202,1.12854,3,1,0
174300854,11.088,11.068,14.4449,11.5379,437.184,0.398647,1.12936,3,1,0
174600884,10.736,11.0438,13.4487,12.3597,438.318,0.389438,1.1316,3,1,0
174901667,10.89,11.0274,12.6869,12.737,439.431,0.383268,1.13311,3,1,0
175201635,11.176,11.018,12.7455,12.7541,440.5,0.379668,1.13399,3,1,0
175502470,11.099,11.0197,10.9875,12.259,441.464,0.380182,1.13386,3,1,0
175802439,11.209,11.0168,11.9251,12.0766,442.445,0.378827,1.1342,3,1,0
176115293,11.011,11.0211,12.0716,11.9895,443.475,0.380573,1.13377,3,1,0
176416065,10.901,11.0288,11.5442,12.0141,444.483,0.38383,1.13297,3,1,0
176716087,11.121,11.0311,11.9544,12.0196,445.485,0.384772,1.13274,3,1,0
177016855,11.066,11.0331,10.8117,11.8197,446.45,0.385453,1.13258,3,1,0
177317134,10.901,11.0323,10.8117,11.534,447.377,0.384811,1.13273,3,1,0
177617669,10.879,11.0056,15.0602,12.3698,448.503,0.374162,1.13534,3,1,0
177917649,11.044,11.0064,11.8079,12.254,449.514,0.374539,1.13525,3,1,0
178218460,11.154,11.0131,10.5187,11.9349,450.478,0.377156,1.13461,3,1,0
178518470,10.989,11.0292,10.3429,11.3489,451.348,0.383262,1.13311,3,1,0
178819408,11.143,11.036,10.3429,11.0847,452.243,0.3856,1.13254,3,1,0
179119669,11.077,11.0562,10.255,10.8126,453.11,0.393591,1.13059,3,1,0
179420166,11.121,11.067,9.8741,10.7321,453.999,0.397824,1.12956,3,1,0
179720257,10.791,11.0411,13.8296,11.6328,455.071,0.387675,1.13203,3,1,0
180020871,11.143,11.0082,13.771,12.6968,456.27,0.375019,1.13513,3,1,0
180321016,11.198,11.0203,9.2588,11.993,457.197,0.379714,1.13398,3,1,0
180621857,11.022,11.0418,9.4346,10.9993,457.989,0.387763,1.13201,3,1,0
180922166,10.868,11.0418,12.599,10.768,458.846,0.387424,1.13209,3,1,0
181222729,11.264,11.0276,9.8741,11.5344,459.932,0.382,1.13342,3,1,0
181522851,11.517,11.0459,8.6728,10.5604,460.697,0.388807,1.13176,3,1,0
181823282,10.758,11.0195,17.4335,12.0152,461.837,0.378618,1.13425,3,1,0
182124217,10.879,10.9851,13.0678,13.3605,463.138,0.365753,1.13741,3,1,0
182436043,11.165,11.0012,9.8741,12.3498,464.09,0.371872,1.1359,3,1,0
182736862,11.099,11.0248,8.6728,11.4069,464.927,0.38054,1.13378,3,1,0
183036858,10.989,11.0438,10.1964,10.5871,465.701,0.387608,1.13205,3,1,0
183337653,10.89,11.0468,13.3022,10.5904,466.57,0.388806,1.13176,3,1,0
183637661,10.912,11.0175,13.5659,11.9984,467.753,0.377804,1.13445,3,1,0
183938454,11.242,11.0136,10.6945,11.8589,468.733,0.376352,1.1348,3,1,0
184238478,11.0,11.009,11.5735,11.745,469.694,0.374539,1.13525,3,1,0
184539301,11.077,11.0105,11.3684,11.7258,470.673,0.375239,1.13508,3,1,0
184840109,10.307,11.0089,10.7531,11.5771,471.623,0.374518,1.13525,3,1,0
185140346,11.044,11.0056,11.9837,11.6439,472.598,0.373082,1.13561,3,1,0
185440888,11.022,10.9959,12.9799,12.2303,473.688,0.36963,1.13645,3,1,0
185740835,11.0,10.9814,9.5518,12.0354,474.684,0.363801,1.13789,3,1,0
186041860,10.846,10.9848,9.4932,11.3251,475.539,0.364548,1.13771,3,1,0
186341675,10.923,10.9958,12.1009,11.178,476.443,0.36884,1.13665,3,1,0
186642483,10.956,10.9784,12.8627,12.1466,477.582,0.362308,1.13826,3,1,0
186942470,11.165,10.9874,9.962,11.8456,478.538,0.365931,1.13737,3,1,0
187243272,11.154,11.0171,9.4346,10.8908,479.327,0.377381,1.13455,3,1,0
187543279,11.231,11.0377,11.2512,10.4339,480.132,0.385391,1.13259,3,1,0
187844097,11.055,11.038,9.7569,10.4676,481.015,0.385347,1.1326,3,1,0
188144863,11.011,11.026,14.2398,11.4031,482.068,0.380988,1.13367,3,1,0
188445064,11.077,10.9948,13.5952,12.2338,483.197,0.368927,1.13663,3,1,0
188745654,11.187,10.9919,11.72,12.0168,484.174,0.36786,1.13689,3,1,0
189057675,11.132,11.0014,12.2767,11.8999,485.191,0.371858,1.13591,3,1,0
189358460,11.231,11.014,10.1378,11.1992,486.04,0.376513,1.13476,3,1,0
189658458,11.297,11.0357,10.4894,10.6751,486.858,0.384993,1.13269,3,1,0
189959400,10.813,11.0141,12.2767,11.1329,487.847,0.376298,1.13482,3,1,0
190259292,10.989,10.9962,13.2436,11.7073,488.889,0.369375,1.13652,3,1,0
190560249,11.099,10.9961,10.7824,11.7958,489.894,0.369531,1.13648,3,1,0
190860860,11.055,11.0042,10.1964,11.1278,490.741,0.372394,1.13578,3,1,0
191160862,10.956,11.0179,10.5187,10.7788,491.594,0.377661,1.13448,3,1,0
191461807,10.857,11.0144,12.1009,10.9686,492.527,0.376219,1.13484,3,1,0
191761660,11.033,11.0078,11.5735,11.2508,493.5,0.373744,1.13544,3,1,0
192062461,10.945,10.9999,11.134,11.4386,494.48,0.370691,1.13619,3,1,0
192362663,10.967,10.9846,11.4856,11.5652,495.461,0.364494,1.13772,3,1,0
192663271,10.813,10.9842,11.6028,11.6169,496.437,0.36444,1.13773,3,1,0
192963286,10.824,10.9806,12.2474,11.6906,497.421,0.363055,1.13807,3,1,0
193264062,10.912,10.987,11.5735,11.751,498.412,0.365794,1.1374,3,1,0
193564089,10.901,10.9918,10.6945,11.5982,499.363,0.36773,1.13692,3,1,0
193864880,10.868,10.9912,11.3098,11.3854,500.287,0.367306,1.13703,3,1,0
194165706,10.835,10.9958,10.6359,11.2923,501.219,0.369112,1.13658,3,1,0
194465636,11.066,10.9981,10.8117,11.2082,502.142,0.369984,1.13637,3,1,0
194766440,11.044,10.9995,10.4894,10.9285,503.021,0.370242,1.1363,3,1,0
195066464,11.077,10.9998,12.3646,11.1019,503.963,0.370479,1.13625,3,1,0
195379283,10.923,10.9857,12.4818,11.6783,505.05,0.365104,1.13757,3,1,0
195679258,10.879,10.9853,10.2843,11.3347,505.963,0.364771,1.13765,3,1,0
195980216,11.033,10.9988,11.5442,11.1291,506.862,0.370131,1.13633,3,1,0
196280102,10.725,10.9805,12.1009,11.3901,507.841,0.362723,1.13816,3,1,0
196580870,10.912,10.9688,11.8665,11.7355,508.869,0.358232,1.13927,3,1,0
196881670,10.89,10.9602,11.2805,11.6922,509.842,0.354732,1.14013,3,1,0
197181654,10.912,10.9666,10.8996,11.5374,510.787,0.357292,1.1395,3,1,0
197482470,11.033,10.9803,10.7531,11.266,511.694,0.362781,1.13814,3,1,0
197782449,10.879,10.9832,10.8996,11.0483,512.588,0.36377,1.1379,3,1,0
198083285,11.154,10.985,11.4563,11.0369,513.505,0.364403,1.13774,3,1,0
198383450,11.198,10.9823,12.013,11.1597,514.448,0.363362,1.138,3,1,0
198684077,10.989,10.9828,9.962,11.3302,515.417,0.363681,1.13792,3,1,0
198984078,11.165,10.9855,11.4856,11.3038,516.354,0.364831,1.13764,3,1,0
199284858,11.099,10.9897,11.4856,11.2917,517.296,0.366571,1.13721,3,1,0
199584857,10.846,10.9818,11.7493,11.3146,518.241,0.363294,1.13802,3,1,0
199885655,10.857,10.9643,12.3646,11.6884,519.265,0.356324,1.13974,3,1,0
200185654,10.89,10.9487,13.1264,12.4252,520.391,0.35054,1.14117,3,1,0
200486487,10.879,10.9364,12.3939,12.5517,521.458,0.345745,1.14236,3,1,0
200786502,10.879,10.9375,11.9251,12.1752,522.426,0.346084,1.14228,3,1,0
201087300,10.692,10.9405,11.2512,11.9139,523.389,0.3471,1.14202,3,1,0
201388072,10.956,10.9473,11.72,11.7694,524.352,0.349767,1.14136,3,1,0
201700200,10.846,10.9514,11.427,11.7217,525.363,0.351388,1.14096,3,1,0
202000877,11.099,10.9515,11.72,11.6407,526.324,0.351386,1.14096,3,1,0
202300875,11.088,10.9618,11.7493,11.5562,527.278,0.355575,1.13992,3,1,0
202601658,10.78,10.9669,9.8741,11.3249,528.2,0.357491,1.13945,3,1,0
202901670,11.264,10.9838,9.9327,10.8266,529.041,0.364007,1.13784,3,1,0
203202459,11.022,10.9852,11.4856,10.6803,529.91,0.364305,1.13777,3,1,0
203502454,11.033,10.9825,11.5149,10.9726,530.863,0.363276,1.13802,3,1,0
203803266,10.989,10.9704,11.5442,11.164,531.822,0.358387,1.13923,3,1,0
204104076,10.802,10.9642,10.9289,11.2954,532.783,0.355939,1.13983,3,1,0
204404091,10.923,10.9423,11.427,11.3648,533.74,0.346932,1.14207,3,1,0
204704879,10.879,10.9396,11.2805,11.3628,534.687,0.345861,1.14233,3,1,0
205005090,10.934,10.9373,12.599,11.6098,535.683,0.345082,1.14253,3,1,0
205305692,11.022,10.9282,13.0971,12.0716,536.749,0.341804,1.14334,3,1,0
205605654,11.022,10.9171,13.0385,12.3466,537.813,0.337569,1.1444,3,1,0
205906475,10.846,10.9064,11.6907,12.324,538.843,0.333275,1.14547,3,1,0
206206463,10.769,10.9143,11.1926,12.0312,539.811,0.336436,1.14468,3,1,0
206507259,11.066,10.9262,11.427,11.8944,540.788,0.341258,1.14348,3,1,0
206809232,10.263,10.9203,11.8372,11.7069,541.745,0.33861,1.14414,3,1,0
207108195,10.857,10.933,11.3098,11.5786,542.692,0.343761,1.14285,3,1,0
207408873,11.264,10.9321,11.3391,11.5027,543.643,0.343228,1.14299,3,1,0
207708861,10.725,10.9296,10.0499,11.4472,544.59,0.34201,1.14329,3,1,0
208009801,10.923,10.9474,11.8665,11.1934,545.483,0.349117,1.14152,3,1,0
208321671,10.956,10.9359,14.3277,12.2104,546.657,0.345072,1.14253,3,1,0
208622441,10.934,10.9312,11.8079,12.2997,547.706,0.343364,1.14295,3,1,0
208922474,11.121,10.9426,11.2512,11.7061,548.606,0.347724,1.14187,3,1,0
209223257,10.659,10.9384,11.427,11.56,549.553,0.345845,1.14234,3,1,0
209523268,10.934,10.9438,11.2805,11.3324,550.469,0.347826,1.14184,3,1,0
209824082,11.033,10.9483,10.8996,11.1995,551.389,0.349491,1.14143,3,1,0
210124845,10.868,10.9491,10.8117,11.1726,552.317,0.349752,1.14137,3,1,0
210424880,10.846,10.9464,11.1633,11.1929,553.254,0.348568,1.14166,3,1,0
210725692,10.769,10.9478,11.1926,11.2635,554.203,0.349144,1.14152,3,1,0
211025677,10.868,10.9462,11.1047,11.3728,555.164,0.348579,1.14166,3,1,0
211326474,10.923,10.9383,11.6614,11.4093,556.122,0.345368,1.14245,3,1,0
211626763,11.132,10.9359,11.8079,11.4003,557.073,0.344381,1.1427,3,1,0
211927298,10.857,10.9196,12.3939,11.5676,558.057,0.337744,1.14435,3,1,0
212228091,10.989,10.9215,12.5697,11.8263,559.079,0.338764,1.1441,3,1,0
212528248,10.89,10.9145,11.4856,11.904,560.084,0.336019,1.14478,3,1,0
212828835,10.901,10.9214,11.6028,11.662,561.026,0.338761,1.1441,3,1,0
213128903,10.923,10.9274,10.841,11.4545,561.957,0.341059,1.14353,3,1,0
213429693,11.033,10.9316,11.2805,11.2817,562.875,0.3426,1.14314,3,1,0
213729658,10.758,10.9318,11.5149,11.4447,563.847,0.342783,1.1431,3,1,0
214030467,10.846,10.9135,11.72,11.7862,564.877,0.335477,1.14492,3,1,0
214330444,11.132,10.9207,11.6321,11.7108,565.844,0.338482,1.14417,3,1,0
214643272,11.077,10.9229,11.6321,11.4977,566.818,0.339309,1.14396,3,1,0
214943257,11.088,10.9319,11.6321,11.4159,567.758,0.342981,1.14305,3,1,0
215244053,10.78,10.9267,11.2805,11.4588,568.72,0.340796,1.14359,3,1,0
215544836,10.835,10.9083,12.9506,11.9076,569.766,0.333539,1.1454,3,1,0
215844870,10.769,10.891,11.72,12.1807,570.818,0.326741,1.1471,3,1,0
216145635,10.89,10.8921,12.1009,12.0576,571.812,0.32715,1.147,3,1,0
216445635,10.89,10.9027,11.2512,11.7872,572.759,0.331443,1.14593,3,1,0
216746470,10.978,10.9093,11.3391,11.5984,573.706,0.334011,1.14529,3,1,0
217046463,11.121,10.906,10.0206,11.1926,574.593,0.332254,1.14572,3,1,0
217347282,10.868,10.9137,9.7569,10.6951,575.426,0.334869,1.14507,3,1,0
217647280,10.989,10.93,10.8996,10.4685,576.267,0.341234,1.14348,3,1,0
217948074,11.033,10.9285,11.6614,10.8028,577.209,0.340674,1.14362,3,1,0
218248881,11.099,10.9309,11.8372,11.1533,578.183,0.341894,1.14332,3,1,0
218548867,10.802,10.9212,11.134,11.3442,579.153,0.338096,1.14427,3,1,0
218849665,10.901,10.9206,12.1595,11.6843,580.171,0.338203,1.14424,3,1,0
219149655,10.758,10.9106,11.3098,11.8699,581.186,0.33434,1.1452,3,1,0
219450471,10.901,10.905,12.4525,12.0151,582.209,0.332199,1.14574,3,1,0
219750466,11.022,10.8946,13.0092,12.1417,583.234,0.328109,1.14676,3,1,0
220051290,10.626,10.8759,12.8041,12.4979,584.323,0.320786,1.1486,3,1,0
220351275,10.868,10.8588,12.4818,12.7785,585.426,0.313997,1.15031,3,1,0
220652102,11.11,10.8947,7.9403,11.2367,586.178,0.326956,1.14705,3,1,0
220952854,11.198,10.9236,7.5594,9.75016,586.809,0.337204,1.14449,3,1,0
221264885,11.11,10.9302,12.5697,9.91348,587.665,0.339627,1.14388,3,1,0
221565685,10.846,10.9047,13.0092,10.8094,588.677,0.329755,1.14635,3,1,0
221865667,11.011,10.8798,13.5952,11.7838,589.78,0.320436,1.14869,3,1,0
222166499,10.967,10.8686,12.7162,12.2146,590.86,0.316466,1.14969,3,1,0
222466439,10.648,10.8586,12.5697,12.6269,591.961,0.312938,1.15057,3,1,0
222767276,10.956,10.858,11.0754,12.7164,593.042,0.313132,1.15053,3,1,0
223068255,10.901,10.8837,10.7238,12.0095,593.956,0.323463,1.14793,3,1,0
223368051,11.044,10.8957,11.3391,11.855,594.923,0.328322,1.14671,3,1,0
223668861,10.824,10.8871,10.9582,11.6735,595.877,0.324628,1.14763,3,1,0
223968839,10.879,10.9017,11.427,11.5418,596.822,0.330537,1.14615,3,1,0
224269660,10.857,10.908,11.3098,11.4302,597.763,0.333072,1.14552,3,1,0
224569654,10.879,10.9066,10.5187,11.3358,598.698,0.332399,1.14569,3,1,0
224870677,10.901,10.9098,11.3098,11.292,599.636,0.333655,1.14537,3,1,0
225170502,10.901,10.9118,11.1633,11.2687,600.571,0.334481,1.14517,3,1,0
225471280,10.868,10.9052,11.7786,11.3254,601.521,0.331713,1.14586,3,1,0
225772195,10.89,10.8937,11.1633,11.3112,602.465,0.326898,1.14707,3,1,0
226072074,11.011,10.8871,11.6614,11.4022,603.428,0.324189,1.14774,3,1,0
226372848,11.066,10.8857,11.6614,11.4161,604.383,0.323597,1.14789,3,1,0
226672876,10.934,10.8883,11.2805,11.4117,605.333,0.32466,1.14763,3,1,0
226973673,10.989,10.8806,11.4856,11.6613,606.343,0.321459,1.14843,3,1,0
227273670,10.989,10.8731,11.5149,11.5233,607.283,0.318339,1.14921,3,1,0
227574454,10.758,10.8683,11.3098,11.4965,608.24,0.316305,1.14973,3,1,0
227886507,10.967,10.863,11.6614,11.4641,609.229,0.31412,1.15028,3,1,0
228187293,10.989,10.8606,11.3684,11.5005,610.195,0.313116,1.15053,3,1,0
228488228,10.791,10.8584,13.185,11.7919,611.213,0.312443,1.1507,3,1,0
228788078,10.769,10.8372,13.478,12.3885,612.318,0.304279,1.15276,3,1,0
229088875,10.813,10.8296,13.0092,12.7853,613.437,0.30162,1.15344,3,1,0
229388888,10.901,10.8322,11.0461,12.2855,614.398,0.302489,1.15322,3,1,0
229689675,10.835,10.8369,11.2805,12.2082,615.409,0.304255,1.15277,3,1,0
229989668,11.11,10.8398,10.6066,11.8495,616.356,0.305183,1.15253,3,1,0
230290470,10.89,10.842,11.8079,11.4304,617.249,0.305633,1.15242,3,1,0
230590446,11.011,10.8428,11.7493,11.4866,618.214,0.305956,1.15234,3,1,0
230891246,10.901,10.8506,10.6652,11.2857,619.135,0.308962,1.15158,3,1,0
231192091,10.725,10.8645,11.2805,11.2521,620.067,0.314667,1.15014,3,1,0
231492058,10.802,10.8663,13.1557,11.6835,621.09,0.315779,1.14986,3,1,0
231792859,10.89,10.8515,11.1926,11.918,622.123,0.309972,1.15132,3,1,0
232093009,10.802,10.8578,9.669,11.1368,622.957,0.311926,1.15083,3,1,0
232393830,10.67,10.8732,11.8372,11.0459,623.859,0.318126,1.14927,3,1,0
232693680,10.967,10.8618,13.6245,11.8666,624.944,0.313941,1.15032,3,1,0
232994454,10.736,10.8588,11.0168,12.0653,625.983,0.313013,1.15056,3,1,0
233296278,10.758,10.8461,11.9251,11.923,626.965,0.307753,1.15188,3,1,0
233595296,10.791,10.8448,12.2767,11.9096,627.953,0.307146,1.15204,3,1,0
233896882,10.846,10.8498,12.4525,11.8246,628.931,0.30921,1.15152,3,1,0
234208068,11.022,10.8534,11.1633,11.6791,629.923,0.310611,1.15116,3,1,0
234508852,10.923,10.8473,11.4563,11.5341,630.869,0.307918,1.15184,3,1,0
234808880,11.044,10.8572,10.3429,11.0422,631.728,0.311539,1.15093,3,1,0
235109654,11.077,10.87,11.8079,10.9028,632.615,0.316575,1.14966,3,1,0
235410454,10.901,10.8546,13.8296,11.5466,633.654,0.310548,1.15118,3,1,0
235710450,11.066,10.8458,11.9544,12.0622,634.728,0.307499,1.15195,3,1,0
236011257,11.055,10.8446,12.306,12.1304,635.755,0.307303,1.152,3,1,0
236311487,10.901,10.8429,11.5442,12.025,636.745,0.306601,1.15217,3,1,0
236612067,10.78,10.8406,11.6614,11.8468,637.712,0.305573,1.15243,3,1,0
236912995,10.868,10.8329,11.9837,11.7219,638.677,0.302264,1.15327,3,1,0
237212880,11.022,10.8386,11.7786,11.7214,639.652,0.304548,1.15269,3,1,0
237513638,10.835,10.834,12.6576,11.8017,640.645,0.302566,1.1532,3,1,0
237813667,10.934,10.845,11.0754,11.7162,641.61,0.307102,1.15205,3,1,0
238114836,10.615,10.8519,11.8372,11.6718,642.579,0.309982,1.15132,3,1,0
238414454,10.703,10.8255,13.8589,12.5359,643.731,0.299596,1.15395,3,1,0
238715281,10.78,10.797,13.9468,12.8349,644.847,0.288231,1.15684,3,1,0
239016049,10.879,10.7994,9.8741,12.1617,645.794,0.288799,1.15669,3,1,0
239316044,10.857,10.8261,9.9034,11.1329,646.591,0.299082,1.15408,3,1,0
239616835,10.604,10.8353,12.9799,11.1333,647.51,0.302644,1.15318,3,1,0
239916845,10.824,10.8179,12.1302,11.929,648.609,0.295985,1.15487,3,1,0
240217661,11.066,10.8099,11.9544,11.8232,649.585,0.29266,1.15571,3,1,0
240518469,10.846,10.8231,10.7531,11.4963,650.508,0.297818,1.1544,3,1,0
241131286,10.956,10.8155,12.2474,11.6598,652.495,0.294726,1.15518,3,1,0
241431272,11.033,10.8005,14.2105,12.0695,653.544,0.288835,1.15668,3,1,0
241732084,10.703,10.7869,13.8589,12.5902,654.66,0.283774,1.15798,3,1,0
242032080,10.659,10.7722,11.3391,12.9305,655.787,0.278172,1.15941,3,1,0
242332881,10.846,10.7822,11.0461,12.1954,656.71,0.281928,1.15845,3,1,0
242633635,10.791,10.8049,11.5442,11.5091,657.584,0.29075,1.1562,3,1,0
242933654,10.923,10.817,10.4601,11.6473,658.575,0.295725,1.15493,3,1,0
243234496,10.857,10.8352,10.9875,10.9921,659.406,0.302639,1.15318,3,1,0
243534454,10.769,10.8135,16.1443,11.8301,660.479,0.294098,1.15534,3,1,0
243835411,10.747,10.7698,15.1481,13.4022,661.8,0.277285,1.15964,3,1,0
244135290,10.813,10.7532,13.5073,13.4066,662.921,0.270871,1.16128,3,1,0
244436064,10.725,10.7652,10.8117,12.6857,663.895,0.275488,1.1601,3,1,0
244736854,10.901,10.796,10.1671,11.7043,664.75,0.287323,1.15707,3,1,0
245036837,10.967,10.8199,10.0499,10.9986,665.577,0.296523,1.15473,3,1,0
245337670,10.868,10.8222,10.548,10.6657,666.423,0.296966,1.15462,3,1,0
245649658,11.022,10.8248,11.9837,11.0101,667.417,0.298141,1.15432,3,1,0
245950435,10.879,10.8278,11.4563,11.1716,668.372,0.299476,1.15398,3,1,0
246250484,10.802,10.8319,10.8117,11.2133,669.312,0.301203,1.15354,3,1,0
246551279,10.923,10.8142,13.5952,11.6564,670.334,0.294158,1.15533,3,1,0
246852079,10.56,10.7888,12.9506,12.2597,671.436,0.28426,1.15785,3,1,0
247152081,10.824,10.7775,12.0716,12.3263,672.475,0.279812,1.15899,3,1,0
247452847,11.066,10.7942,10.1964,11.6213,673.366,0.286246,1.15734,3,1,0
247752871,10.692,10.8056,10.9875,10.9967,674.201,0.290335,1.1563,3,1,0
248053829,10.923,10.8051,13.4194,11.4831,675.216,0.290375,1.15629,3,1,0
248353685,10.857,10.8084,9.669,11.4986,676.191,0.291743,1.15594,3,1,0
248654468,10.857,10.8012,11.9544,10.9024,677.021,0.288138,1.15686,3,1,0
248955266,10.615,10.7967,12.5404,11.5467,678.06,0.286698,1.15723,3,1,0
249255422,10.714,10.7811,13.0385,12.235,679.169,0.280899,1.15871,3,1,0
249556244,10.384,10.7795,11.7786,12.3579,680.226,0.280544,1.1588,3,1,0
249856044,10.615,10.7913,9.6397,11.3781,681.051,0.284667,1.15775,3,1,0
250156904,10.549,10.7879,13.6831,12.073,682.134,0.283594,1.15802,3,1,0
250456862,11.077,10.7846,10.6359,11.9815,683.133,0.282346,1.15834,3,1,0
250757677,10.835,10.8061,10.5773,11.0943,683.946,0.290523,1.15625,3,1,0
251058436,10.626,10.8197,10.6359,10.6294,684.772,0.295561,1.15497,3,1,0
251358691,10.813,10.8067,14.0933,11.4314,685.817,0.29059,1.15624,3,1,0
251659300,10.626,10.7525,16.6717,13.6095,687.219,0.269878,1.16154,3,1,0
251959300,10.549,10.7301,13.5366,13.9747,688.436,0.261459,1.1637,3,1,0
252260105,10.857,10.7446,9.8448,12.837,689.374,0.266944,1.16229,3,1,0
252572850,10.846,10.7753,10.1671,11.5956,690.226,0.278644,1.15929,3,1,0
252873128,10.846,10.7785,10.4894,10.9446,691.055,0.279226,1.15914,3,1,0
253173637,10.989,10.7837,11.8958,10.9177,691.961,0.280963,1.15869,3,1,0
253473685,10.725,10.7898,9.7862,10.7682,692.842,0.283113,1.15814,3,1,0
253774599,10.835,10.8031,11.72,10.6399,693.713,0.288396,1.1568,3,1,0
254074861,10.846,10.7744,15.4997,12.0204,694.874,0.277495,1.15958,3,1,0
254375292,10.505,10.7356,14.2984,13.4443,696.18,0.262832,1.16335,3,1,0
254676091,10.989,10.7412,11.72,12.9517,697.208,0.265256,1.16272,3,1,0
254976168,10.758,10.7598,9.5811,12.0229,698.099,0.272405,1.16089,3,1,0
255276871,11.077,10.786,9.1709,10.9559,698.883,0.282248,1.15837,3,1,0
255577285,10.901,10.799,8.5556,10.1048,699.617,0.28664,1.15724,3,1,0
255877839,10.472,10.7709,15.0016,11.9717,700.831,0.276031,1.15996,3,1,0
256178435,10.868,10.7689,9.4053,12.045,701.872,0.275615,1.16006,3,1,0
256478472,10.89,10.8019,9.5518,10.8698,702.627,0.288414,1.15679,3,1,0
256779464,10.736,10.8123,10.6359,10.6561,703.485,0.292418,1.15577,3,1,0
257079296,10.791,10.8047,13.3608,11.2027,704.481,0.289584,1.15649,3,1,0
257388064,10.791,10.779,13.3901,12.0568,705.623,0.2797,1.15902,3,1,0
257688063,10.659,10.7661,13.185,12.432,706.708,0.274971,1.16023,3,1,0
257988849,10.802,10.7614,10.7238,12.0788,707.682,0.272905,1.16076,3,1,0
258288846,10.89,10.7779,10.6359,11.2115,708.509,0.278957,1.15921,3,1,0
258589694,10.89,10.7963,9.2881,10.7785,709.357,0.285873,1.15744,3,1,0
258890637,10.901,10.8126,11.134,10.3907,710.172,0.292122,1.15585,3,1,0
259190458,10.428,10.7651,14.4449,12.2175,711.412,0.273647,1.16057,3,1,0
259492267,10.879,10.7592,12.013,12.4398,712.495,0.271807,1.16104,3,1,0
259791263,11.154,10.7634,11.2219,11.9278,713.425,0.273242,1.16067,3,1,0
260092992,10.791,10.7878,8.8486,10.759,714.183,0.281932,1.15845,3,1,0
260393259,10.736,10.802,9.7276,10.4457,715.011,0.28743,1.15704,3,1,0
260693812,10.34,10.7716,18.3418,12.0659,716.188,0.275908,1.15999,3,1,0
260993995,10.307,10.7148,16.7889,14.0916,717.626,0.254387,1.16553,3,1,0
261294128,10.824,10.6892,14.8844,14.765,718.952,0.245075,1.16794,3,1,0
261594646,10.857,10.6907,13.5073,14.084,720.045,0.245854,1.16774,3,1,0
261895178,10.703,10.7047,10.3722,13.279,721.064,0.251046,1.1664,3,1,0
262195639,10.824,10.7296,8.497,11.7767,721.86,0.260155,1.16404,3,1,0
262496067,11.011,10.7673,8.6435,10.5351,722.583,0.274389,1.16038,3,1,0
262796092,10.824,10.7998,10.4601,9.91025,723.321,0.286898,1.15718,3,1,0
263096882,10.78,10.7868,12.3353,10.5568,724.28,0.281675,1.15851,3,1,0
263408859,10.703,10.7718,11.427,11.4877,725.392,0.276183,1.15992,3,1,0
263709664,10.648,10.75,13.5366,12.1583,726.492,0.267834,1.16206,3,1,0
264010621,10.824,10.7377,13.7124,12.4889,727.578,0.263239,1.16324,3,1,0
264310504,10.956,10.7573,10.3136,11.8251,728.49,0.270647,1.16134,3,1,0
264611281,11.0,10.7778,10.841,11.1479,729.337,0.278513,1.15932,3,1,0
264911270,10.956,10.7727,11.6321,11.2676,730.289,0.276427,1.15986,3,1,0
265212069,10.571,10.7644,12.9799,11.6646,731.308,0.273324,1.16065,3,1,0
265513112,10.549,10.75,13.6538,12.2634,732.407,0.26802,1.16201,3,1,0
265812839,10.637,10.7003,14.0347,13.8601,733.775,0.248527,1.16705,3,1,0
266113849,10.692,10.7094,10.2257,12.7017,734.696,0.251942,1.16616,3,1,0
266413641,10.967,10.7425,9.962,11.4758,735.499,0.264776,1.16285,3,1,0
266714448,10.692,10.7429,12.6283,11.6016,736.475,0.264834,1.16283,3,1,0
267014435,10.527,10.7412,12.306,11.7258,737.469,0.264278,1.16298,3,1,0
267315280,10.791,10.7416,11.1047,11.6107,738.427,0.264382,1.16295,3,1,0
267615272,10.967,10.752,10.0206,11.0366,739.279,0.268116,1.16199,3,1,0
267916089,10.89,10.7761,9.4346,10.336,740.055,0.277347,1.15962,3,1,0
268216823,10.901,10.7956,10.255,9.95471,740.834,0.284846,1.1577,3,1,0
268516836,10.384,10.7567,15.5583,11.5371,741.975,0.269704,1.16158,3,1,0
268817635,10.186,10.7166,18.9278,13.2511,743.301,0.254735,1.16544,3,1,0
269117674,10.417,10.6532,13.5659,15.3718,744.892,0.230473,1.17175,3,1,0
269418617,10.505,10.6695,9.9327,13.7607,745.855,0.236652,1.17014,3,1,0
269718435,10.901,10.7,10.1085,12.2202,746.678,0.248168,1.16714,3,1,0
270019300,10.186,10.7246,9.7862,11.3154,747.507,0.257395,1.16475,3,1,0
270320204,10.791,10.7392,10.3429,10.8992,748.364,0.262729,1.16338,3,1,0
270632065,10.747,10.7475,12.5111,11.1693,749.355,0.265858,1.16257,3,1,0
270932841,10.406,10.7177,16.4373,12.3226,750.515,0.25448,1.16551,3,1,0
271232892,10.923,10.6917,15.0602,13.5438,751.801,0.245006,1.16796,3,1,0
271533703,10.846,10.6781,13.0678,13.7338,752.981,0.239979,1.16927,3,1,0
271833635,11.044,10.6901,11.0754,12.8334,753.944,0.244538,1.16808,3,1,0
272134655,10.857,10.7113,10.9289,12.0972,754.862,0.252774,1.16595,3,1,0
272435280,10.846,10.7358,9.7862,11.3489,755.721,0.262203,1.16351,3,1,0
272735275,10.703,10.7629,9.0537,10.5916,756.508,0.27257,1.16084,3,1,0
273036092,10.868,10.7778,9.7569,10.1875,757.307,0.278073,1.15943,3,1,0
273336062,10.78,10.7851,9.9913,9.97898,758.109,0.28065,1.15877,3,1,0
273636883,10.461,10.7588,15.7341,11.3325,759.204,0.270516,1.16137,3,1,0
273937665,10.351,10.6471,26.1649,15.8837,761.08,0.227517,1.17252,3,1,0
274237635,10.549,10.5551,16.8182,18.1947,762.927,0.192143,1.18186,3,1,0
274538470,10.758,10.5872,9.0244,15.6571,763.939,0.204455,1.1786,3,1,0
274838459,10.681,10.6381,8.204,12.7508,764.636,0.223315,1.17363,3,1,0
275139281,10.769,10.6864,7.9989,10.9618,765.325,0.241532,1.16887,3,1,0
275440203,10.791,10.733,7.5887,9.6961,765.979,0.25917,1.16429,3,1,0
275740202,11.077,10.7782,9.4346,9.04308,766.645,0.276667,1.15979,3,1,0
276040862,10.802,10.7822,9.8741,9.37624,767.469,0.278154,1.15941,3,1,0
276340866,10.835,10.7892,12.7162,9.88672,768.346,0.281272,1.15862,3,1,0
276641659,10.505,10.7581,14.7379,11.1845,769.443,0.269482,1.16164,3,1,0
276953734,10.769,10.7249,13.0092,12.4539,770.696,0.257149,1.16482,3,1,0
277254471,10.67,10.7321,10.5773,11.9735,771.645,0.260223,1.16402,3,1,0
277554474,10.703,10.7384,11.4856,11.6187,772.567,0.262707,1.16338,3,1,0
277855495,10.505,10.7085,14.7086,12.7015,773.747,0.251116,1.16638,3,1,0
278156098,10.835,10.7121,9.4346,12.2788,774.734,0.252473,1.16603,3,1,0
278456078,10.769,10.7305,10.5187,11.2548,775.539,0.25921,1.16428,3,1,0
278756860,10.835,10.7351,11.9544,11.2214,776.467,0.261029,1.16381,3,1,0
279056882,10.626,10.7375,11.3098,11.5542,777.473,0.262291,1.16349,3,1,0
279357673,10.362,10.7231,15.6462,12.1503,778.548,0.256794,1.16491,3,1,0
279657865,10.494,10.6492,20.4807,14.7108,780.086,0.22814,1.17236,3,1,0
279958435,10.384,10.6226,10.3136,15.2878,781.469,0.218221,1.17496,3,1,0
280260307,11.022,10.6772,7.5008,12.2176,782.108,0.238415,1.16968,3,1,0
280559291,10.736,10.7074,9.2002,10.6744,782.792,0.249352,1.16683,3,1,0
280861289,10.637,10.7252,9.669,10.3414,783.615,0.256151,1.16507,3,1,0
281160236,10.703,10.7268,13.8296,10.4434,784.487,0.256702,1.16493,3,1,0
281462002,10.681,10.6894,15.0895,12.6816,785.832,0.242869,1.16852,3,1,0
281762154,10.714,10.6751,12.4232,12.859,786.934,0.237511,1.16991,3,1,0
282062734,10.175,10.6785,10.3429,12.3075,787.895,0.238724,1.1696,3,1,0
282362956,10.703,10.6931,9.376,11.5441,788.766,0.24417,1.16818,3,1,0
282663632,10.923,10.7091,11.9544,11.4033,789.694,0.250487,1.16654,3,1,0
282963779,10.604,10.7063,10.4308,11.435,790.656,0.249335,1.16684,3,1,0
283264183,10.78,10.7214,10.1671,11.1883,791.562,0.255429,1.16526,3,1,0
283564562,10.692,10.7414,9.2881,10.4701,792.347,0.262957,1.16332,3,1,0
283876841,10.758,10.6988,15.7634,11.9916,793.549,0.246137,1.16767,3,1,0
284176854,10.626,10.6727,12.3353,12.8239,794.737,0.236337,1.17022,3,1,0
284477654,10.78,10.6854,10.8996,12.0573,795.651,0.241282,1.16893,3,1,0
284777661,10.714,10.7107,10.0499,11.2494,796.488,0.251119,1.16638,3,1,0
285078454,10.659,10.7222,10.6945,10.811,797.331,0.25534,1.16528,3,1,0
285379246,10.714,10.703,15.0016,11.8656,798.446,0.248076,1.16717,3,1,0
285679285,10.549,10.6608,14.943,13.096,799.694,0.231751,1.17142,3,1,0
285980109,10.527,10.6356,13.0971,13.6235,800.903,0.222162,1.17393,3,1,0
286280213,10.582,10.6458,10.3722,13.0591,801.928,0.226301,1.17284,3,1,0
286580990,10.615,10.6731,9.962,11.9551,802.789,0.236573,1.17016,3,1,0
286880837,10.758,10.7039,10.6066,11.0732,803.601,0.247886,1.16721,3,1,0
287181663,10.901,10.7186,10.8996,11.0859,804.521,0.253194,1.16584,3,1,0
287482460,10.846,10.7317,10.8703,10.8699,805.401,0.258184,1.16455,3,1,0
287782610,10.692,10.7307,14.8258,11.0033,806.324,0.257753,1.16466,3,1,0
288083246,10.263,10.6586,16.994,14.0077,807.866,0.230277,1.1718,3,1,0
288384100,10.45,10.6138,14.5914,14.8176,809.216,0.213285,1.17626,3,1,0
288684053,10.604,10.6266,11.7493,13.8285,810.251,0.218571,1.17487,3,1,0
288984888,10.813,10.641,10.7531,12.8496,811.204,0.223975,1.17345,3,1,0
289284840,10.604,10.6649,10.6359,12.1055,812.118,0.233385,1.17099,3,1,0
289585654,10.648,10.6763,11.0168,11.7184,813.049,0.237761,1.16985,3,1,0
289885635,10.538,10.6881,10.841,11.4626,813.972,0.242346,1.16865,3,1,0
290186454,10.604,10.6792,12.9506,12.1014,815.055,0.238889,1.16955,3,1,0
290487259,10.945,10.6734,11.8372,12.2705,816.113,0.236363,1.17021,3,1,0
290799253,10.703,10.6807,11.3977,11.869,817.095,0.23904,1.16952,3,1,0
291100227,10.626,10.6784,10.255,11.8817,818.094,0.238183,1.16974,3,1,0
291400195,10.362,10.6459,18.4297,13.3137,819.358,0.225696,1.173,3,1,0
291700870,10.945,10.5917,12.1595,15.1259,820.874,0.204983,1.17846,3,1,0
292000863,10.879,10.6427,7.6473,12.6734,821.632,0.224359,1.17335,3,1,0
292301636,10.89,10.68,7.7059,10.7657,822.289,0.238041,1.16978,3,1,0
292602629,10.395,10.6768,13.771,11.0039,823.211,0.236502,1.17018,3,1,0
292902441,10.505,10.6534,14.5328,12.4497,824.43,0.227981,1.1724,3,1,0
293203274,10.604,10.6274,15.0016,13.3999,825.673,0.218317,1.17494,3,1,0
293503288,10.615,10.6186,13.4194,13.4839,826.814,0.215121,1.17578,3,1,0
293804043,10.791,10.6241,11.9251,13.1942,827.89,0.217315,1.1752,3,1,0
294104895,10.923,10.6433,10.841,12.2321,828.795,0.22424,1.17338,3,1,0
294404873,10.758,10.6556,10.7238,11.5087,829.663,0.228607,1.17224,3,1,0
294705667,10.032,10.6458,14.5621,11.9811,830.711,0.224753,1.17325,3,1,0
295005674,10.582,10.607,17.873,14.2145,832.17,0.210393,1.17703,3,1,0
295306491,10.659,10.6084,11.6321,13.6026,833.242,0.211062,1.17685,3,1,0
295606454,10.78,10.6239,12.9799,13.0062,834.246,0.217248,1.17522,3,1,0
295907290,10.736,10.6231,12.5697,12.7623,835.283,0.21685,1.17532,3,1,0
296208044,10.703,10.6251,12.0423,12.5999,836.319,0.217619,1.17512,3,1,0
296508084,10.494,10.6417,10.2257,12.031,837.253,0.223995,1.17345,3,1,0
296808867,10.934,10.6698,9.0537,10.9543,838.035,0.234505,1.1707,3,1,0
297108870,10.505,10.6619,14.7379,11.2265,838.982,0.230649,1.17171,3,1,0
297421848,10.45,10.6098,17.0233,13.6531,840.466,0.210848,1.17691,3,1,0
297722491,10.615,10.6059,11.8372,13.7839,841.664,0.20968,1.17721,3,1,0
298022611,10.802,10.6329,9.9327,12.2469,842.494,0.219801,1.17455,3,1,0
298323266,10.813,10.6489,10.255,11.6236,843.385,0.225946,1.17294,3,1,0
298623279,10.219,10.6352,15.1774,12.4715,844.509,0.220669,1.17432,3,1,0
298924069,10.516,10.5949,13.8882,14.3017,845.94,0.205474,1.17833,3,1,0
299224854,10.78,10.6165,10.4601,13.3649,846.953,0.214201,1.17602,3,1,0
299524864,10.648,10.6393,8.7021,11.6466,847.714,0.222304,1.17389,3,1,0
299825664,10.703,10.6257,14.5328,12.4938,848.843,0.216992,1.17529,3,1,0
300125670,11.0,10.6586,8.6728,11.4245,849.679,0.22988,1.17191,3,1,0
300426604,10.846,10.6868,10.1085,10.547,850.442,0.240639,1.1691,3,1,0
300726454,10.648,10.6853,11.3684,10.7032,851.349,0.239906,1.16929,3,1,0
301027273,10.417,10.6754,13.1264,11.2839,852.356,0.236211,1.17025,3,1,0
301328188,10.824,10.6647,12.599,11.9921,853.45,0.232395,1.17125,3,1,0
301628044,10.571,10.6606,11.134,12.25,854.511,0.230946,1.17163,3,1,0
301930109,10.549,10.6653,11.5149,12.164,855.518,0.233053,1.17108,3,1,0
302228846,10.835,10.6605,12.2474,12.1167,856.518,0.23111,1.17158,3,1,0
302531176,10.659,10.6534,11.427,12.0122,857.513,0.228151,1.17236,3,1,0
302831031,10.703,10.6569,11.0754,11.8408,858.48,0.229539,1.172,3,1,0
303130737,10.857,10.6673,12.0423,11.799,859.456,0.233834,1.17087,3,1,0
303432063,10.703,10.665,11.0168,11.7591,860.437,0.232827,1.17114,3,1,0
303732368,10.813,10.674,11.6321,11.6515,861.394,0.236421,1.1702,3,1,0
304032738,10.824,10.6885,11.2805,11.5659,862.348,0.242364,1.16865,3,1,0
304344859,10.901,10.6932,11.6907,11.5465,863.347,0.244227,1.16817,3,1,0
304645098,10.725,10.6797,10.6359,11.4785,864.296,0.238519,1.16965,3,1,0
304945654,11.011,10.6954,9.7569,10.7421,865.102,0.244354,1.16813,3,1,0
305245890,10.714,10.7044,11.4856,10.5016,865.943,0.247644,1.16728,3,1,0
305546454,10.769,10.6769,14.064,11.6886,867.061,0.237013,1.17004,3,1,0
305847253,10.67,10.6622,13.1557,12.2566,868.16,0.231583,1.17146,3,1,0
306147301,10.615,10.6492,12.8627,12.6725,869.265,0.226617,1.17276,3,1,0
306448071,10.648,10.6458,13.3608,12.7512,870.339,0.22553,1.17305,3,1,0
306748075,10.637,10.6333,12.5111,12.7714,871.406,0.220596,1.17434,3,1,0
307048844,10.659,10.6396,10.8117,12.2326,872.36,0.222802,1.17376,3,1,0
307349660,10.45,10.6502,10.7531,11.6986,873.272,0.226753,1.17272,3,1,0
307649674,10.626,10.6565,10.8703,11.4269,874.19,0.229085,1.17211,3,1,0
307950435,10.791,10.6591,13.4487,11.4166,875.137,0.230064,1.17186,3,1,0
308250591,10.725,10.6423,14.0054,12.2787,876.27,0.22369,1.17353,3,1,0
308551278,10.307,10.626,14.3277,13.2013,877.487,0.217872,1.17506,3,1,0
308851252,10.648,10.6138,12.4818,13.5975,878.678,0.213543,1.1762,3,1,0
309152062,10.703,10.622,9.9913,12.8328,879.664,0.216589,1.17539,3,1,0
309452856,10.846,10.6544,9.9034,11.5702,880.471,0.228878,1.17217,3,1,0
309752847,10.703,10.6758,12.4232,11.1761,881.345,0.237152,1.17001,3,1,0
310053700,10.758,10.6612,11.7786,11.7474,882.391,0.231314,1.17153,3,1,0
310353635,11.11,10.6512,11.9837,11.998,883.43,0.227437,1.17255,3,1,0
310654470,10.725,10.6537,13.6538,12.0969,884.447,0.228573,1.17225,3,1,0
310955287,10.582,10.6106,14.8258,13.2563,885.702,0.211633,1.1767,3,1,0
311267288,10.846,10.6209,12.0716,12.7654,886.755,0.215784,1.17561,3,1,0
311568090,10.703,10.6287,11.7786,12.4938,887.765,0.218856,1.1748,3,1,0
311868062,10.494,10.6409,10.9582,11.959,888.695,0.223527,1.17357,3,1,0
312168858,10.593,10.6485,10.9582,11.6519,889.629,0.226293,1.17285,3,1,0
312469663,10.593,10.6631,10.841,11.4233,890.555,0.232065,1.17133,3,1,0
312769648,10.846,10.6916,7.1785,9.86645,891.19,0.241981,1.16875,3,1,0
313070689,10.252,10.6371,17.1405,11.974,892.425,0.220472,1.17437,3,1,0
313370512,10.516,10.6401,8.9658,11.9418,893.455,0.222019,1.17397,3,1,0
313671302,10.747,10.669,11.8372,10.7762,894.194,0.23288,1.17112,3,1,0
313972043,10.252,10.6348,16.0564,11.9212,895.315,0.219489,1.17463,3,1,0
314272273,10.692,10.6487,14.4156,11.6515,896.254,0.225292,1.17311,3,1,0
314572885,10.417,10.5891,10.1671,13.6708,897.673,0.202182,1.1792,3,1,0
314872999,10.681,10.6508,6.739,10.9819,898.259,0.225468,1.17306,3,1,0
315173683,10.483,10.6156,18.1074,13.0838,899.569,0.212057,1.17659,3,1,0
315473642,10.956,10.6477,8.1161,11.8594,900.423,0.224876,1.17322,3,1,0
315774435,10.78,10.6849,8.4384,10.2454,901.061,0.238689,1.16961,3,1,0
316075300,10.901,10.6956,9.6104,10.2531,901.916,0.242998,1.16848,3,1,0
316375264,10.758,10.6612,10.0792,11.9137,903.151,0.230027,1.17187,3,1,0
316676079,10.56,10.6192,10.2257,13.451,904.477,0.214055,1.17606,3,1,0
316976165,10.428,10.6422,11.5735,12.0082,905.277,0.222724,1.17378,3,1,0
317276842,10.307,10.584,17.4921,14.4206,906.776,0.200531,1.17963,3,1,0
317577655,10.241,10.5457,12.2767,14.9828,908.118,0.185886,1.18353,3,1,0
317889654,10.978,10.6211,5.274,11.5161,908.713,0.213965,1.17608,3,1,0
318190666,10.824,10.6448,8.4384,11.1606,909.586,0.223135,1.17367,3,1,0
318490435,10.417,10.6393,16.8768,11.8333,910.609,0.221104,1.17421,3,1,0
318791288,10.89,10.6308,8.8486,11.9025,911.65,0.217852,1.17506,3,1,0
319092054,10.857,10.6526,8.6435,11.0443,912.473,0.226251,1.17286,3,1,0
319392068,10.494,10.6819,14.0933,10.2484,913.211,0.237541,1.16991,3,1,0
319692870,10.681,10.6499,13.8589,11.7679,914.414,0.225416,1.17308,3,1,0
319992861,10.593,10.6053,12.1302,13.8203,915.828,0.208708,1.17747,3,1,0
320293672,10.483,10.6244,11.2805,11.903,916.57,0.215375,1.17571,3,1,0
320594449,10.615,10.6642,9.4932,10.5329,917.282,0.230663,1.1717,3,1,0
320894473,10.637,10.6129,12.599,12.7071,918.615,0.210881,1.1769,3,1,0
321195301,10.78,10.646,12.9506,11.5573,919.426,0.223973,1.17345,3,1,0
321495280,10.725,10.6268,7.618,12.4546,920.599,0.216603,1.17539,3,1,0
321797339,10.571,10.6502,13.8589,11.5798,921.426,0.225671,1.17301,3,1,0
322097799,10.417,10.6205,16.3494,12.5233,922.549,0.213819,1.17612,3,1,0
322396899,10.78,10.6218,9.9913,12.2848,923.55,0.214692,1.17589,3,1,0
322698433,10.593,10.6604,14.7965,10.828,924.264,0.229293,1.17206,3,1,0
322997657,10.538,10.6046,18.6641,13.3185,925.688,0.208041,1.17765,3,1,0
323299226,10.571,10.6187,9.376,12.3927,926.64,0.213691,1.17616,3,1,0
323598660,10.714,10.6199,9.5811,12.2679,927.632,0.214059,1.17606,3,1,0
323900057,10.626,10.5851,14.5621,13.5912,928.909,0.200752,1.17958,3,1,0
324200422,10.758,10.6344,7.4129,11.5249,929.622,0.219656,1.17459,3,1,0
324500871,10.395,10.6275,15.3825,11.7308,930.598,0.216737,1.17535,3,1,0
324812876,10.153,10.6264,16.4666,11.5053,931.567,0.216089,1.17553,3,1,0
325112839,10.736,10.6144,9.4639,12.5815,932.787,0.212009,1.1766,3,1,0
325413654,10.681,10.6539,10.6945,11.043,933.513,0.227349,1.17257,3,1,0
325714470,10.758,10.6179,9.7862,12.396,934.738,0.213288,1.17626,3,1,0
326014448,10.34,10.6085,17.2577,12.5577,935.797,0.20985,1.17717,3,1,0
326315247,10.703,10.6432,8.79,10.9123,936.523,0.222513,1.17384,3,1,0
326616287,10.615,10.6658,13.2143,10.4639,937.327,0.231243,1.17155,3,1,0
326916254,10.582,10.6499,11.9251,11.4881,938.422,0.225432,1.17307,3,1,0
327216878,10.67,10.5953,16.0271,13.7693,939.844,0.204625,1.17855,3,1,0
327516838,10.978,10.6263,6.6218,11.9789,940.649,0.216266,1.17548,3,1,0
327817635,10.34,10.6318,19.4259,11.6751,941.532,0.217997,1.17502,3,1,0
328117688,10.736,10.6321,11.0461,11.5664,942.504,0.218234,1.17496,3,1,0
328418454,10.648,10.6281,10.0792,11.6747,943.498,0.216738,1.17535,3,1,0
328719245,10.89,10.6222,8.9365,12.0963,944.576,0.214648,1.1759,3,1,0
329019251,10.263,10.6177,18.3418,12.1006,945.547,0.212824,1.17639,3,1,0
329320097,10.824,10.6197,9.5811,11.9216,946.554,0.213709,1.17615,3,1,0
329620196,10.78,10.5891,8.4677,13.6238,947.896,0.20222,1.17919,3,1,0
329920853,10.615,10.6331,10.8703,11.3904,948.545,0.21865,1.17485,3,1,0
330220859,10.736,10.6186,9.7862,12.1839,949.657,0.213176,1.17629,3,1,0
330521687,10.714,10.6211,11.8665,11.5891,950.537,0.213908,1.1761,3,1,0
330822635,11.011,10.6603,7.3543,10.0074,951.187,0.228577,1.17225,3,1,0
331122618,10.604,10.6307,9.7862,11.8957,952.384,0.21722,1.17523,3,1,0
331423274,10.703,10.661,7.9403,10.7439,953.161,0.229055,1.17212,3,1,0
331735294,10.263,10.5948,19.3087,13.4142,954.631,0.203524,1.17884,3,1,0
332036189,10.571,10.6307,9.376,11.5258,955.385,0.216958,1.1753,3,1,0
332336856,10.736,10.566,8.9658,14.4054,956.983,0.192158,1.18186,3,1,0
332636870,10.692,10.572,14.6207,13.7035,957.996,0.194674,1.18119,3,1,0
332937654,10.89,10.5963,6.153,12.3624,958.882,0.204044,1.1787,3,1,0
333237667,10.549,10.6454,13.3608,10.3713,959.464,0.222242,1.17391,3,1,0
333538641,10.846,10.6263,7.1785,11.2757,960.551,0.214702,1.17589,3,1,0
333838508,10.637,10.6335,12.599,11.0477,961.427,0.217677,1.17511,3,1,0
334139297,10.791,10.6689,8.4384,9.84226,962.125,0.231062,1.1716,3,1,0
334440098,10.45,10.6029,15.822,13.4708,963.71,0.206242,1.17812,3,1,0
334740246,10.45,10.5446,15.6169,15.1861,965.168,0.184174,1.18399,3,1,0
335040877,10.681,10.5938,8.9072,12.2399,965.828,0.2027,1.17906,3,1,0
335341801,10.89,10.6013,7.7645,12.2408,966.88,0.205751,1.17825,3,1,0
335641702,10.406,10.6109,16.994,11.9721,967.8,0.209482,1.17727,3,1,0
335942439,10.967,10.6237,7.2371,11.6658,968.782,0.214636,1.17591,3,1,0
336242464,10.571,10.6483,12.6869,10.9729,969.594,0.224416,1.17334,3,1,0
336543273,10.538,10.6176,15.3532,12.0884,970.747,0.212583,1.17645,3,1,0
336843278,10.615,10.59,12.4818,12.8385,971.932,0.202134,1.17921,3,1,0
337144076,10.582,10.6092,9.0537,11.8914,972.821,0.209601,1.17724,3,1,0
337444835,10.714,10.6335,8.5556,10.6799,973.561,0.218649,1.17485,3,1,0
337744880,10.813,10.6491,10.1085,10.1782,974.341,0.224444,1.17333,3,1,0
338045685,10.648,10.6458,12.0716,10.7158,975.3,0.22335,1.17362,3,1,0
338357635,10.802,10.6259,13.5366,11.8528,976.474,0.21606,1.17553,3,1,0
338658483,10.571,10.6069,12.1888,12.2675,977.551,0.208713,1.17747,3,1,0
338959269,10.373,10.599,11.8958,12.3552,978.596,0.205692,1.17827,3,1,0
339259445,10.483,10.6004,13.6831,12.6658,979.688,0.20664,1.17802,3,1,0
339560214,10.681,10.5898,11.5735,12.7571,980.768,0.202503,1.17911,3,1,0
339860097,10.791,10.593,8.7607,12.4381,981.776,0.203499,1.17885,3,1,0
340160870,10.802,10.6094,9.7276,11.4324,982.608,0.209272,1.17732,3,1,0
340461635,10.461,10.6091,10.6066,10.974,983.462,0.208574,1.17751,3,1,0
340761694,10.593,10.6101,12.1302,11.0925,984.395,0.208864,1.17743,3,1,0
341062528,10.736,10.6114,11.2805,11.2094,985.349,0.20943,1.17728,3,1,0
341362459,11.011,10.629,8.1161,10.9194,986.23,0.216461,1.17543,3,1,0
341663286,11.022,10.7017,3.1644,8.01292,986.54,0.241624,1.16884,3,1,0
341963265,11.033,10.7754,2.7249,5.87755,986.762,0.267898,1.16204,3,1,0
342264058,11.099,10.838,2.8714,4.57981,986.98,0.290574,1.15624,3,1,0
342564888,11.033,10.8854,2.4905,3.81939,987.203,0.307654,1.15191,3,1,0
342864854,11.143,10.9283,2.7542,3.34412,987.421,0.323446,1.14793,3,1,0
