timestamp,system_id,component_id,onboard_control_sensors_present,onboard_control_sensors_enabled,onboard_control_sensors_health,nav_state,arming_state,hil_state,failsafe,system_type,is_rotary_wing,is_vtol,vtol_fw_permanent_stab,in_transition_mode,in_transition_to_fw,rc_signal_lost,rc_input_mode,data_link_lost,data_link_lost_counter,engine_failure,engine_failure_cmd,mission_failure
130104077,1,1,0,0,0,0,2,0,0,2,1,0,0,0,0,0,0,1,0,0,0,0
130362186,1,1,0,0,0,0,2,0,0,2,1,0,0,0,0,0,0,1,0,0,0,0
130602483,1,1,0,0,0,0,2,0,0,2,1,0,0,0,0,0,0,1,0,0,0,0
130839427,1,1,0,0,0,0,2,0,0,2,1,0,0,0,0,0,0,1,0,0,0,0
131074863,1,1,0,0,0,0,2,0,0,2,1,0,0,0,0,0,0,1,0,0,0,0
131304698,1,1,0,0,0,0,2,0,0,2,1,0,0,0,0,0,0,1,0,0,0,0
131541078,1,1,0,0,0,0,2,0,0,2,1,0,0,0,0,0,0,1,0,0,0,0
131780410,1,1,0,0,0,0,2,0,0,2,1,0,0,0,0,0,0,1,0,0,0,0
132016540,1,1,0,0,0,0,2,0,0,2,1,0,0,0,0,0,0,1,0,0,0,0
132256224,1,1,0,0,0,0,2,0,0,2,1,0,0,0,0,0,0,1,0,0,0,0
132491921,1,1,0,0,0,0,2,0,0,2,1,0,0,0,0,0,0,1,0,0,0,0
132728013,1,1,0,0,0,0,2,0,0,2,1,0,0,0,0,0,0,1,0,0,0,0
132961264,1,1,0,0,0,0,2,0,0,2,1,0,0,0,0,0,0,1,0,0,0,0
133191752,1,1,0,0,0,0,2,0,0,2,1,0,0,0,0,0,0,1,0,0,0,0
133423930,1,1,0,0,0,0,2,0,0,2,1,0,0,0,0,0,0,1,0,0,0,0
133654472,1,1,0,0,0,0,2,0,0,2,1,0,0,0,0,0,0,1,0,0,0,0
133889385,1,1,0,0,0,0,2,0,0,2,1,0,0,0,0,0,0,1,0,0,0,0
134115749,1,1,0,0,0,0,2,0,0,2,1,0,0,0,0,0,0,1,0,0,0,0
134350861,1,1,0,0,0,0,2,0,0,2,1,0,0,0,0,0,0,1,0,0,0,0
134586910,1,1,0,0,0,0,2,0,0,2,1,0,0,0,0,0,0,1,0,0,0,0
134819427,1,1,0,0,0,0,2,0,0,2,1,0,0,0,0,0,0,1,0,0,0,0
135058807,1,1,0,0,0,0,2,0,0,2,1,0,0,0,0,0,0,1,0,0,0,0
135298018,1,1,0,0,0,0,2,0,0,2,1,0,0,0,0,0,0,1,0,0,0,0
135538761,1,1,0,0,0,0,2,0,0,2,1,0,0,0,0,0,0,1,0,0,0,0
135773321,1,1,0,0,0,0,2,0,0,2,1,0,0,0,0,0,0,1,0,0,0,0
136010900,1,1,0,0,0,0,2,0,0,2,1,0,0,0,0,0,0,1,0,0,0,0
136246081,1,1,0,0,0,0,2,0,0,2,1,0,0,0,0,0,0,1,0,0,0,0
136485688,1,1,0,0,0,0,2,0,0,2,1,0,0,0,0,0,0,1,0,0,0,0
136725560,1,1,0,0,0,0,2,0,0,2,1,0,0,0,0,0,0,1,0,0,0,0
136954959,1,1,0,0,0,0,2,0,0,2,1,0,0,0,0,0,0,1,0,0,0,0
137198132,1,1,0,0,0,0,2,0,0,2,1,0,0,0,0,0,0,1,0,0,0,0
137429911,1,1,0,0,0,0,2,0,0,2,1,0,0,0,0,0,0,1,0,0,0,0
137668360,1,1,0,0,0,0,2,0,0,2,1,0,0,0,0,0,0,1,0,0,0,0
137904053,1,1,0,0,0,0,2,0,0,2,1,0,0,0,0,0,0,1,0,0,0,0
138135437,1,1,0,0,0,0,2,0,0,2,1,0,0,0,0,0,0,1,0,0,0,0
138371128,1,1,0,0,0,0,2,0,0,2,1,0,0,0,0,0,0,1,0,0,0,0
138611553,1,1,0,0,0,0,2,0,0,2,1,0,0,0,0,0,0,1,0,0,0,0
138848558,1,1,0,0,0,0,2,0,0,2,1,0,0,0,0,0,0,1,0,0,0,0
139085649,1,1,0,0,0,0,2,0,0,2,1,0,0,0,0,0,0,1,0,0,0,0
139315454,1,1,0,0,0,0,2,0,0,2,1,0,0,0,0,0,0,1,0,0,0,0
139554919,1,1,0,0,0,0,2,0,0,2,1,0,0,0,0,0,0,1,0,0,0,0
139787371,1,1,0,0,0,0,2,0,0,2,1,0,0,0,0,0,0,1,0,0,0,0
140019630,1,1,0,0,0,0,2,0,0,2,1,0,0,0,0,0,0,1,0,0,0,0
140255613,1,1,0,0,0,0,2,0,0,2,1,0,0,0,0,0,0,1,0,0,0,0
140492383,1,1,0,0,0,0,2,0,0,2,1,0,0,0,0,0,0,1,0,0,0,0
140724409,1,1,0,0,0,0,2,0,0,2,1,0,0,0,0,0,0,1,0,0,0,0
140963460,1,1,0,0,0,0,2,0,0,2,1,0,0,0,0,0,0,1,0,0,0,0
141196155,1,1,0,0,0,0,2,0,0,2,1,0,0,0,0,0,0,1,0,0,0,0
141433128,1,1,0,0,0,0,2,0,0,2,1,0,0,0,0,0,0,1,0,0,0,0
141665970,1,1,0,0,0,0,2,0,0,2,1,0,0,0,0,0,0,1,0,0,0,0
141900831,1,1,0,0,0,0,2,0,0,2,1,0,0,0,0,0,0,1,0,0,0,0
142136595,1,1,0,0,0,0,2,0,0,2,1,0,0,0,0,0,0,1,0,0,0,0
142377379,1,1,0,0,0,0,2,0,0,2,1,0,0,0,0,0,0,1,0,0,0,0
142616786,1,1,0,0,0,0,2,0,0,2,1,0,0,0,0,0,0,1,0,0,0,0
142850898,1,1,0,0,0,0,2,0,0,2,1,0,0,0,0,0,0,1,0,0,0,0
143081987,1,1,0,0,0,0,2,0,0,2,1,0,0,0,0,0,0,1,0,0,0,0
143313477,1,1,0,0,0,0,2,0,0,2,1,0,0,0,0,0,0,1,0,0,0,0
143553811,1,1,0,0,0,0,2,0,0,2,1,0,0,0,0,0,0,1,0,0,0,0
143789048,1,1,0,0,0,0,2,0,0,2,1,0,0,0,0,0,0,1,0,0,0,0
144029999,1,1,0,0,0,0,2,0,0,2,1,0,0,0,0,0,0,1,0,0,0,0
144261596,1,1,0,0,0,0,2,0,0,2,1,0,0,0,0,0,0,1,0,0,0,0
144500877,1,1,0,0,0,0,2,0,0,2,1,0,0,0,0,0,0,1,0,0,0,0
144736550,1,1,0,0,0,0,2,0,0,2,1,0,0,0,0,0,0,1,0,0,0,0
144974197,1,1,0,0,0,0,2,0,0,2,1,0,0,0,0,0,0,1,0,0,0,0
145205466,1,1,0,0,0,0,2,0,0,2,1,0,0,0,0,0,0,1,0,0,0,0
145440006,1,1,0,0,0,0,2,0,0,2,1,0,0,0,0,0,0,1,0,0,0,0
145674441,1,1,0,0,0,0,2,0,0,2,1,0,0,0,0,0,0,1,0,0,0,0
145906615,1,1,0,0,0,0,2,0,0,2,1,0,0,0,0,0,0,1,0,0,0,0
146142793,1,1,0,0,0,0,2,0,0,2,1,0,0,0,0,0,0,1,0,0,0,0
146378615,1,1,0,0,0,0,2,0,0,2,1,0,0,0,0,0,0,1,0,0,0,0
146616045,1,1,0,0,0,0,2,0,0,2,1,0,0,0,0,0,0,1,0,0,0,0
146846656,1,1,0,0,0,0,2,0,0,2,1,0,0,0,0,0,0,1,0,0,0,0
147082190,1,1,0,0,0,0,2,0,0,2,1,0,0,0,0,0,0,1,0,0,0,0
147323144,1,1,0,0,0,0,2,0,0,2,1,0,0,0,0,0,0,1,0,0,0,0
147566880,1,1,0,0,0,0,2,0,0,2,1,0,0,0,0,0,0,1,0,0,0,0
147806176,1,1,0,0,0,0,2,0,0,2,1,0,0,0,0,0,0,1,0,0,0,0
148046735,1,1,0,0,0,0,2,0,0,2,1,0,0,0,0,0,0,1,0,0,0,0
148282331,1,1,0,0,0,0,2,0,0,2,1,0,0,0,0,0,0,1,0,0,0,0
148516437,1,1,0,0,0,0,2,0,0,2,1,0,0,0,0,0,0,1,0,0,0,0
148752855,1,1,0,0,0,0,2,0,0,2,1,0,0,0,0,0,0,1,0,0,0,0
148984592,1,1,0,0,0,0,2,0,0,2,1,0,0,0,0,0,0,1,0,0,0,0
149218333,1,1,0,0,0,0,2,0,0,2,1,0,0,0,0,0,0,1,0,0,0,0
149454302,1,1,0,0,0,0,2,0,0,2,1,0,0,0,0,0,0,1,0,0,0,0
149686838,1,1,0,0,0,0,2,0,0,2,1,0,0,0,0,0,0,1,0,0,0,0
149926765,1,1,0,0,0,0,2,0,0,2,1,0,0,0,0,0,0,1,0,0,0,0
150156362,1,1,0,0,0,0,2,0,0,2,1,0,0,0,0,0,0,1,0,0,0,0
150397303,1,1,0,0,0,0,2,0,0,2,1,0,0,0,0,0,0,1,0,0,0,0
150635722,1,1,0,0,0,0,2,0,0,2,1,0,0,0,0,0,0,1,0,0,0,0
150864570,1,1,0,0,0,0,2,0,0,2,1,0,0,0,0,0,0,1,0,0,0,0
151105329,1,1,0,0,0,0,2,0,0,2,1,0,0,0,0,0,0,1,0,0,0,0
151344480,1,1,0,0,0,0,2,0,0,2,1,0,0,0,0,0,0,1,0,0,0,0
151589201,1,1,0,0,0,0,2,0,0,2,1,0,0,0,0,0,0,1,0,0,0,0
151824173,1,1,0,0,0,0,2,0,0,2,1,0,0,0,0,0,0,1,0,0,0,0
152068234,1,1,0,0,0,0,2,0,0,2,1,0,0,0,0,0,0,1,0,0,0,0
152308370,1,1,0,0,0,0,2,0,0,2,1,0,0,0,0,0,0,1,0,0,0,0
152540509,1,1,0,0,0,0,2,0,0,2,1,0,0,0,0,0,0,1,0,0,0,0
152780133,1,1,0,0,0,0,2,0,0,2,1,0,0,0,0,0,0,1,0,0,0,0
153024959,1,1,0,0,0,0,2,0,0,2,1,0,0,0,0,0,0,1,0,0,0,0
153260431,1,1,0,0,0,0,2,0,0,2,1,0,0,0,0,0,0,1,0,0,0,0
153504488,1,1,0,0,0,0,2,0,0,2,1,0,0,0,0,0,0,1,0,0,0,0
153744536,1,1,0,0,0,0,2,0,0,2,1,0,0,0,0,0,0,1,0,0,0,0
153983719,1,1,0,0,0,0,2,0,0,2,1,0,0,0,0,0,0,1,0,0,0,0
154218332,1,1,0,0,0,0,2,0,0,2,1,0,0,0,0,0,0,1,0,0,0,0
154455726,1,1,0,0,0,0,2,0,0,2,1,0,0,0,0,0,0,1,0,0,0,0
154692344,1,1,0,0,0,0,2,0,0,2,1,0,0,0,0,0,0,1,0,0,0,0
154939912,1,1,0,0,0,0,2,0,0,2,1,0,0,0,0,0,0,1,0,0,0,0
155183962,1,1,0,0,0,0,2,0,0,2,1,0,0,0,0,0,0,1,0,0,0,0
155423682,1,1,0,0,0,0,2,0,0,2,1,0,0,0,0,0,0,1,0,0,0,0
155661274,1,1,0,0,0,0,2,0,0,2,1,0,0,0,0,0,0,1,0,0,0,0
155895762,1,1,0,0,0,0,2,0,0,2,1,0,0,0,0,0,0,1,0,0,0,0
156132729,1,1,0,0,0,0,2,0,0,2,1,0,0,0,0,0,0,1,0,0,0,0
156367991,1,1,0,0,0,0,2,0,0,2,1,0,0,0,0,0,0,1,0,0,0,0
156608219,1,1,0,0,0,0,2,0,0,2,1,0,0,0,0,0,0,1,0,0,0,0
156843777,1,1,0,0,0,0,2,0,0,2,1,0,0,0,0,0,0,1,0,0,0,0
157085154,1,1,0,0,0,0,2,0,0,2,1,0,0,0,0,0,0,1,0,0,0,0
157321308,1,1,0,0,0,0,2,0,0,2,1,0,0,0,0,0,0,1,0,0,0,0
157557397,1,1,0,0,0,0,2,0,0,2,1,0,0,0,0,0,0,1,0,0,0,0
157789046,1,1,0,0,0,0,2,0,0,2,1,0,0,0,0,0,0,1,0,0,0,0
158026418,1,1,0,0,0,0,2,0,0,2,1,0,0,0,0,0,0,1,0,0,0,0
158255966,1,1,0,0,0,0,2,0,0,2,1,0,0,0,0,0,0,1,0,0,0,0
158494353,1,1,0,0,0,0,2,0,0,2,1,0,0,0,0,0,0,1,0,0,0,0
158732155,1,1,0,0,0,0,2,0,0,2,1,0,0,0,0,0,0,1,0,0,0,0
158974122,1,1,0,0,0,0,2,0,0,2,1,0,0,0,0,0,0,1,0,0,0,0
159210426,1,1,0,0,0,0,2,0,0,2,1,0,0,0,0,0,0,1,0,0,0,0
159450714,1,1,0,0,0,0,2,0,0,2,1,0,0,0,0,0,0,1,0,0,0,0
159681545,1,1,0,0,0,0,2,0,0,2,1,0,0,0,0,0,0,1,0,0,0,0
159917507,1,1,0,0,0,0,2,0,0,2,1,0,0,0,0,0,0,1,0,0,0,0
160157565,1,1,0,0,0,0,2,0,0,2,1,0,0,0,0,0,0,1,0,0,0,0
160394393,1,1,0,0,0,0,2,0,0,2,1,0,0,0,0,0,0,1,0,0,0,0
160631265,1,1,0,0,0,0,2,0,0,2,1,0,0,0,0,0,0,1,0,0,0,0
160870473,1,1,0,0,0,0,2,0,0,2,1,0,0,0,0,0,0,1,0,0,0,0
161103657,1,1,0,0,0,0,2,0,0,2,1,0,0,0,0,0,0,1,0,0,0,0
161338036,1,1,0,0,0,0,2,0,0,2,1,0,0,0,0,0,0,1,0,0,0,0
161571704,1,1,0,0,0,0,2,0,0,2,1,0,0,0,0,0,0,1,0,0,0,0
161801952,1,1,0,0,0,0,2,0,0,2,1,0,0,0,0,0,0,1,0,0,0,0
162042299,1,1,0,0,0,0,2,0,0,2,1,0,0,0,0,0,0,1,0,0,0,0
162282138,1,1,0,0,0,0,2,0,0,2,1,0,0,0,0,0,0,1,0,0,0,0
162517891,1,1,0,0,0,0,2,0,0,2,1,0,0,0,0,0,0,1,0,0,0,0
162754326,1,1,0,0,0,0,2,0,0,2,1,0,0,0,0,0,0,1,0,0,0,0
162993987,1,1,0,0,0,0,2,0,0,2,1,0,0,0,0,0,0,1,0,0,0,0
163225814,1,1,0,0,0,0,2,0,0,2,1,0,0,0,0,0,0,1,0,0,0,0
163466365,1,1,0,0,0,0,2,0,0,2,1,0,0,0,0,0,0,1,0,0,0,0
163698913,1,1,0,0,0,0,2,0,0,2,1,0,0,0,0,0,0,1,0,0,0,0
163938132,1,1,0,0,0,0,2,0,0,2,1,0,0,0,0,0,0,1,0,0,0,0
164170939,1,1,0,0,0,0,2,0,0,2,1,0,0,0,0,0,0,1,0,0,0,0
164405895,1,1,0,0,0,0,2,0,0,2,1,0,0,0,0,0,0,1,0,0,0,0
164639105,1,1,0,0,0,0,2,0,0,2,1,0,0,0,0,0,0,1,0,0,0,0
164874447,1,1,0,0,0,0,2,0,0,2,1,0,0,0,0,0,0,1,0,0,0,0
165109951,1,1,0,0,0,0,2,0,0,2,1,0,0,0,0,0,0,1,0,0,0,0
165350328,1,1,0,0,0,0,2,0,0,2,1,0,0,0,0,0,0,1,0,0,0,0
165589585,1,1,0,0,0,0,2,0,0,2,1,0,0,0,0,0,0,1,0,0,0,0
165829929,1,1,0,0,0,0,2,0,0,2,1,0,0,0,0,0,0,1,0,0,0,0
166062876,1,1,0,0,0,0,2,0,0,2,1,0,0,0,0,0,0,1,0,0,0,0
166301228,1,1,0,0,0,0,2,0,0,2,1,0,0,0,0,0,0,1,0,0,0,0
166534848,1,1,0,0,0,0,2,0,0,2,1,0,0,0,0,0,0,1,0,0,0,0
166770878,1,1,0,0,0,0,2,0,0,2,1,0,0,0,0,0,0,1,0,0,0,0
167004055,1,1,0,0,0,0,2,0,0,2,1,0,0,0,0,0,0,1,0,0,0,0
167242728,1,1,0,0,0,0,2,0,0,2,1,0,0,0,0,0,0,1,0,0,0,0
167482333,1,1,0,0,0,0,2,0,0,2,1,0,0,0,0,0,0,1,0,0,0,0
167717598,1,1,0,0,0,0,2,0,0,2,1,0,0,0,0,0,0,1,0,0,0,0
167954391,1,1,0,0,0,0,2,0,0,2,1,0,0,0,0,0,0,1,0,0,0,0
168190132,1,1,0,0,0,0,2,0,0,2,1,0,0,0,0,0,0,1,0,0,0,0
168425527,1,1,0,0,0,0,2,0,0,2,1,0,0,0,0,0,0,1,0,0,0,0
168658003,1,1,0,0,0,0,2,0,0,2,1,0,0,0,0,0,0,1,0,0,0,0
168897529,1,1,0,0,0,0,2,0,0,2,1,0,0,0,0,0,0,1,0,0,0,0
169137752,1,1,0,0,0,0,2,0,0,2,1,0,0,0,0,0,0,1,0,0,0,0
169377468,1,1,0,0,0,0,2,0,0,2,1,0,0,0,0,0,0,1,0,0,0,0
169618587,1,1,0,0,0,0,2,0,0,2,1,0,0,0,0,0,0,1,0,0,0,0
169862292,1,1,0,0,0,0,2,0,0,2,1,0,0,0,0,0,0,1,0,0,0,0
170089606,1,1,0,0,0,0,2,0,0,2,1,0,0,0,0,0,0,1,0,0,0,0
170325483,1,1,0,0,0,0,2,0,0,2,1,0,0,0,0,0,0,1,0,0,0,0
170561357,1,1,0,0,0,0,2,0,0,2,1,0,0,0,0,0,0,1,0,0,0,0
170797803,1,1,0,0,0,0,2,0,0,2,1,0,0,0,0,0,0,1,0,0,0,0
171037789,1,1,0,0,0,0,2,0,0,2,1,0,0,0,0,0,0,1,0,0,0,0
171277566,1,1,0,0,0,0,2,0,0,2,1,0,0,0,0,0,0,1,0,0,0,0
171507003,1,1,0,0,0,0,2,0,0,2,1,0,0,0,0,0,0,1,0,0,0,0
171746348,1,1,0,0,0,0,2,0,0,2,1,0,0,0,0,0,0,1,0,0,0,0
171980057,1,1,0,0,0,0,2,0,0,2,1,0,0,0,0,0,0,1,0,0,0,0
172214083,1,1,0,0,0,0,2,0,0,2,1,0,0,0,0,0,0,1,0,0,0,0
172449621,1,1,0,0,0,0,2,0,0,2,1,0,0,0,0,0,0,1,0,0,0,0
172685391,1,1,0,0,0,0,2,0,0,2,1,0,0,0,0,0,0,1,0,0,0,0
172921908,1,1,0,0,0,0,2,0,0,2,1,0,0,0,0,0,0,1,0,0,0,0
173157669,1,1,0,0,0,0,2,0,0,2,1,0,0,0,0,0,0,1,0,0,0,0
173397920,1,1,0,0,0,0,2,0,0,2,1,0,0,0,0,0,0,1,0,0,0,0
173634936,1,1,0,0,0,0,2,0,0,2,1,0,0,0,0,0,0,1,0,0,0,0
173869772,1,1,0,0,0,0,2,0,0,2,1,0,0,0,0,0,0,1,0,0,0,0
174105875,1,1,0,0,0,0,2,0,0,2,1,0,0,0,0,0,0,1,0,0,0,0
174341390,1,1,0,0,0,0,2,0,0,2,1,0,0,0,0,0,0,1,0,0,0,0
174577604,1,1,0,0,0,0,2,0,0,2,1,0,0,0,0,0,0,1,0,0,0,0
174813375,1,1,0,0,0,0,2,0,0,2,1,0,0,0,0,0,0,1,0,0,0,0
175053748,1,1,0,0,0,0,2,0,0,2,1,0,0,0,0,0,0,1,0,0,0,0
175293792,1,1,0,0,0,0,2,0,0,2,1,0,0,0,0,0,0,1,0,0,0,0
175525598,1,1,0,0,0,0,2,0,0,2,1,0,0,0,0,0,0,1,0,0,0,0
175763631,1,1,0,0,0,0,2,0,0,2,1,0,0,0,0,0,0,1,0,0,0,0
175997745,1,1,0,0,0,0,2,0,0,2,1,0,0,0,0,0,0,1,0,0,0,0
176233370,1,1,0,0,0,0,2,0,0,2,1,0,0,0,0,0,0,1,0,0,0,0
176470336,1,1,0,0,0,0,2,0,0,2,1,0,0,0,0,0,0,1,0,0,0,0
176705660,1,1,0,0,0,0,2,0,0,2,1,0,0,0,0,0,0,1,0,0,0,0
176942393,1,1,0,0,0,0,2,0,0,2,1,0,0,0,0,0,0,1,0,0,0,0
177177823,1,1,0,0,0,0,2,0,0,2,1,0,0,0,0,0,0,1,0,0,0,0
177410136,1,1,0,0,0,0,2,0,0,2,1,0,0,0,0,0,0,1,0,0,0,0
177650107,1,1,0,0,0,0,2,0,0,2,1,0,0,0,0,0,0,1,0,0,0,0
177889793,1,1,0,0,0,0,2,0,0,2,1,0,0,0,0,0,0,1,0,0,0,0
178130168,1,1,0,0,0,0,2,0,0,2,1,0,0,0,0,0,0,1,0,0,0,0
178369886,1,1,0,0,0,0,2,0,0,2,1,0,0,0,0,0,0,1,0,0,0,0
178609805,1,1,0,0,0,0,2,0,0,2,1,0,0,0,0,0,0,1,0,0,0,0
178845419,1,1,0,0,0,0,2,0,0,2,1,0,0,0,0,0,0,1,0,0,0,0
179079770,1,1,0,0,0,0,2,0,0,2,1,0,0,0,0,0,0,1,0,0,0,0
179318299,1,1,0,0,0,0,2,0,0,2,1,0,0,0,0,0,0,1,0,0,0,0
179558416,1,1,0,0,0,0,2,0,0,2,1,0,0,0,0,0,0,1,0,0,0,0
179794859,1,1,0,0,0,0,2,0,0,2,1,0,0,0,0,0,0,1,0,0,0,0
180034383,1,1,0,0,0,0,2,0,0,2,1,0,0,0,0,0,0,1,0,0,0,0
180275109,1,1,0,0,0,0,2,0,0,2,1,0,0,0,0,0,0,1,0,0,0,0
180518194,1,1,0,0,0,0,2,0,0,2,1,0,0,0,0,0,0,1,0,0,0,0
180761806,1,1,0,0,0,0,2,0,0,2,1,0,0,0,0,0,0,1,0,0,0,0
180997673,1,1,0,0,0,0,2,0,0,2,1,0,0,0,0,0,0,1,0,0,0,0
181237763,1,1,0,0,0,0,2,0,0,2,1,0,0,0,0,0,0,1,0,0,0,0
181477788,1,1,0,0,0,0,2,0,0,2,1,0,0,0,0,0,0,1,0,0,0,0
181717609,1,1,0,0,0,0,2,0,0,2,1,0,0,0,0,0,0,1,0,0,0,0
181957773,1,1,0,0,0,0,2,0,0,2,1,0,0,0,0,0,0,1,0,0,0,0
182194494,1,1,0,0,0,0,2,0,0,2,1,0,0,0,0,0,0,1,0,0,0,0
182429394,1,1,0,0,0,0,2,0,0,2,1,0,0,0,0,0,0,1,0,0,0,0
182670745,1,1,0,0,0,0,2,0,0,2,1,0,0,0,0,0,0,1,0,0,0,0
182909368,1,1,0,0,0,0,2,0,0,2,1,0,0,0,0,0,0,1,0,0,0,0
183145648,1,1,0,0,0,0,2,0,0,2,1,0,0,0,0,0,0,1,0,0,0,0
183381343,1,1,0,0,0,0,2,0,0,2,1,0,0,0,0,0,0,1,0,0,0,0
183614136,1,1,0,0,0,0,2,0,0,2,1,0,0,0,0,0,0,1,0,0,0,0
183851718,1,1,0,0,0,0,2,0,0,2,1,0,0,0,0,0,0,1,0,0,0,0
184085354,1,1,0,0,0,0,2,0,0,2,1,0,0,0,0,0,0,1,0,0,0,0
184317917,1,1,0,0,0,0,2,0,0,2,1,0,0,0,0,0,0,1,0,0,0,0
184557627,1,1,0,0,0,0,2,0,0,2,1,0,0,0,0,0,0,1,0,0,0,0
184791168,1,1,0,0,0,0,2,0,0,2,1,0,0,0,0,0,0,1,0,0,0,0
185030272,1,1,0,0,0,0,2,0,0,2,1,0,0,0,0,0,0,1,0,0,0,0
185270342,1,1,0,0,0,0,2,0,0,2,1,0,0,0,0,0,0,1,0,0,0,0
185509521,1,1,0,0,0,0,2,0,0,2,1,0,0,0,0,0,0,1,0,0,0,0
185749531,1,1,0,0,0,0,2,0,0,2,1,0,0,0,0,0,0,1,0,0,0,0
185981497,1,1,0,0,0,0,2,0,0,2,1,0,0,0,0,0,0,1,0,0,0,0
186217983,1,1,0,0,0,0,2,0,0,2,1,0,0,0,0,0,0,1,0,0,0,0
186453658,1,1,0,0,0,0,2,0,0,2,1,0,0,0,0,0,0,1,0,0,0,0
186689377,1,1,0,0,0,0,2,0,0,2,1,0,0,0,0,0,0,1,0,0,0,0
186919570,1,1,0,0,0,0,2,0,0,2,1,0,0,0,0,0,0,1,0,0,0,0
187153988,1,1,0,0,0,0,2,0,0,2,1,0,0,0,0,0,0,1,0,0,0,0
187385676,1,1,0,0,0,0,2,0,0,2,1,0,0,0,0,0,0,1,0,0,0,0
187622299,1,1,0,0,0,0,2,0,0,2,1,0,0,0,0,0,0,1,0,0,0,0
187858135,1,1,0,0,0,0,2,0,0,2,1,0,0,0,0,0,0,1,0,0,0,0
188098178,1,1,0,0,0,0,2,0,0,2,1,0,0,0,0,0,0,1,0,0,0,0
188332847,1,1,0,0,0,0,2,0,0,2,1,0,0,0,0,0,0,1,0,0,0,0
188566637,1,1,0,0,0,0,2,0,0,2,1,0,0,0,0,0,0,1,0,0,0,0
188802645,1,1,0,0,0,0,2,0,0,2,1,0,0,0,0,0,0,1,0,0,0,0
189038782,1,1,0,0,0,0,2,0,0,2,1,0,0,0,0,0,0,1,0,0,0,0
189275376,1,1,0,0,0,0,2,0,0,2,1,0,0,0,0,0,0,1,0,0,0,0
189511473,1,1,0,0,0,0,2,0,0,2,1,0,0,0,0,0,0,1,0,0,0,0
189747147,1,1,0,0,0,0,2,0,0,2,1,0,0,0,0,0,0,1,0,0,0,0
189986299,1,1,0,0,0,0,2,0,0,2,1,0,0,0,0,0,0,1,0,0,0,0
190223497,1,1,0,0,0,0,2,0,0,2,1,0,0,0,0,0,0,1,0,0,0,0
190458319,1,1,0,0,0,0,2,0,0,2,1,0,0,0,0,0,0,1,0,0,0,0
190695282,1,1,0,0,0,0,2,0,0,2,1,0,0,0,0,0,0,1,0,0,0,0
190931664,1,1,0,0,0,0,2,0,0,2,1,0,0,0,0,0,0,1,0,0,0,0
191164322,1,1,0,0,0,0,2,0,0,2,1,0,0,0,0,0,0,1,0,0,0,0
191399750,1,1,0,0,0,0,2,0,0,2,1,0,0,0,0,0,0,1,0,0,0,0
191634835,1,1,0,0,0,0,2,0,0,2,1,0,0,0,0,0,0,1,0,0,0,0
191867467,1,1,0,0,0,0,2,0,0,2,1,0,0,0,0,0,0,1,0,0,0,0
192099555,1,1,0,0,0,0,2,0,0,2,1,0,0,0,0,0,0,1,0,0,0,0
192339645,1,1,0,0,0,0,2,0,0,2,1,0,0,0,0,0,0,1,0,0,0,0
192568573,1,1,0,0,0,0,2,0,0,2,1,0,0,0,0,0,0,1,0,0,0,0
192803889,1,1,0,0,0,0,2,0,0,2,1,0,0,0,0,0,0,1,0,0,0,0
193047717,1,1,0,0,0,0,2,0,0,2,1,0,0,0,0,0,0,1,0,0,0,0
193288231,1,1,0,0,0,0,2,0,0,2,1,0,0,0,0,0,0,1,0,0,0,0
193519791,1,1,0,0,0,0,2,0,0,2,1,0,0,0,0,0,0,1,0,0,0,0
193756535,1,1,0,0,0,0,2,0,0,2,1,0,0,0,0,0,0,1,0,0,0,0
193992507,1,1,0,0,0,0,2,0,0,2,1,0,0,0,0,0,0,1,0,0,0,0
194232284,1,1,0,0,0,0,2,0,0,2,1,0,0,0,0,0,0,1,0,0,0,0
194472457,1,1,0,0,0,0,2,0,0,2,1,0,0,0,0,0,0,1,0,0,0,0
194713052,1,1,0,0,0,0,2,0,0,2,1,0,0,0,0,0,0,1,0,0,0,0
194951743,1,1,0,0,0,0,2,0,0,2,1,0,0,0,0,0,0,1,0,0,0,0
195184829,1,1,0,0,0,0,2,0,0,2,1,0,0,0,0,0,0,1,0,0,0,0
195423937,1,1,0,0,0,0,2,0,0,2,1,0,0,0,0,0,0,1,0,0,0,0
195655776,1,1,0,0,0,0,2,0,0,2,1,0,0,0,0,0,0,1,0,0,0,0
195885942,1,1,0,0,0,0,2,0,0,2,1,0,0,0,0,0,0,1,0,0,0,0
196121317,1,1,0,0,0,10,2,0,0,2,1,0,0,0,0,0,0,1,0,0,0,0
196356428,1,1,0,0,0,10,2,0,0,2,1,0,0,0,0,0,0,1,0,0,0,0
196597651,1,1,0,0,0,10,2,0,0,2,1,0,0,0,0,0,0,1,0,0,0,0
196829783,1,1,0,0,0,10,2,0,0,2,1,0,0,0,0,0,0,1,0,0,0,0
197065228,1,1,0,0,0,10,2,0,0,2,1,0,0,0,0,0,0,1,0,0,0,0
197292466,1,1,0,0,0,10,2,0,0,2,1,0,0,0,0,0,0,1,0,0,0,0
197525283,1,1,0,0,0,10,2,0,0,2,1,0,0,0,0,0,0,1,0,0,0,0
197756367,1,1,0,0,0,10,2,0,0,2,1,0,0,0,0,0,0,1,0,0,0,0
197985894,1,1,0,0,0,10,2,0,0,2,1,0,0,0,0,0,0,1,0,0,0,0
198217901,1,1,0,0,0,10,2,0,0,2,1,0,0,0,0,0,0,1,0,0,0,0
198453628,1,1,0,0,0,10,2,0,0,2,1,0,0,0,0,0,0,1,0,0,0,0
198692079,1,1,0,0,0,10,2,0,0,2,1,0,0,0,0,0,0,1,0,0,0,0
198927968,1,1,0,0,0,10,2,0,0,2,1,0,0,0,0,0,0,1,0,0,0,0
199162347,1,1,0,0,0,10,2,0,0,2,1,0,0,0,0,0,0,1,0,0,0,0
199401987,1,1,0,0,0,10,2,0,0,2,1,0,0,0,0,0,0,1,0,0,0,0
199637338,1,1,0,0,0,10,2,0,0,2,1,0,0,0,0,0,0,1,0,0,0,0
199870004,1,1,0,0,0,10,2,0,0,2,1,0,0,0,0,0,0,1,0,0,0,0
200103582,1,1,0,0,0,10,2,0,0,2,1,0,0,0,0,0,0,1,0,0,0,0
200338118,1,1,0,0,0,10,2,0,0,2,1,0,0,0,0,0,0,1,0,0,0,0
200572467,1,1,0,0,0,10,2,0,0,2,1,0,0,0,0,0,0,1,0,0,0,0
200806429,1,1,0,0,0,10,2,0,0,2,1,0,0,0,0,0,0,1,0,0,0,0
201042607,1,1,0,0,0,10,2,0,0,2,1,0,0,0,0,0,0,1,0,0,0,0
201279005,1,1,0,0,0,10,2,0,0,2,1,0,0,0,0,0,0,1,0,0,0,0
201510121,1,1,0,0,0,10,2,0,0,2,1,0,0,0,0,0,0,1,0,0,0,0
201736357,1,1,0,0,0,10,2,0,0,2,1,0,0,0,0,0,0,1,0,0,0,0
201978896,1,1,0,0,0,10,2,0,0,2,1,0,0,0,0,0,0,1,0,0,0,0
202210904,1,1,0,0,0,10,2,0,0,2,1,0,0,0,0,0,0,1,0,0,0,0
202451364,1,1,0,0,0,10,2,0,0,2,1,0,0,0,0,0,0,1,0,0,0,0
202695279,1,1,0,0,0,10,2,0,0,2,1,0,0,0,0,0,0,1,0,0,0,0
202930874,1,1,0,0,0,10,2,0,0,2,1,0,0,0,0,0,0,1,0,0,0,0
203166832,1,1,0,0,0,10,2,0,0,2,1,0,0,0,0,0,0,1,0,0,0,0
203396158,1,1,0,0,0,10,2,0,0,2,1,0,0,0,0,0,0,1,0,0,0,0
203629229,1,1,0,0,0,10,2,0,0,2,1,0,0,0,0,0,0,1,0,0,0,0
203862475,1,1,0,0,0,10,2,0,0,2,1,0,0,0,0,0,0,1,0,0,0,0
204095979,1,1,0,0,0,10,2,0,0,2,1,0,0,0,0,0,0,1,0,0,0,0
204327772,1,1,0,0,0,10,2,0,0,2,1,0,0,0,0,0,0,1,0,0,0,0
204563721,1,1,0,0,0,10,2,0,0,2,1,0,0,0,0,0,0,1,0,0,0,0
204793950,1,1,0,0,0,10,2,0,0,2,1,0,0,0,0,0,0,1,0,0,0,0
205022198,1,1,0,0,0,10,2,0,0,2,1,0,0,0,0,0,0,1,0,0,0,0
205252517,1,1,0,0,0,10,2,0,0,2,1,0,0,0,0,0,0,1,0,0,0,0
205489953,1,1,0,0,0,10,2,0,0,2,1,0,0,0,0,0,0,1,0,0,0,0
205726814,1,1,0,0,0,10,2,0,0,2,1,0,0,0,0,0,0,1,0,0,0,0
205960888,1,1,0,0,0,10,2,0,0,2,1,0,0,0,0,0,0,1,0,0,0,0
206193847,1,1,0,0,0,10,2,0,0,2,1,0,0,0,0,0,0,1,0,0,0,0
206436398,1,1,0,0,0,10,2,0,0,2,1,0,0,0,0,0,0,1,0,0,0,0
206666397,1,1,0,0,0,10,2,0,0,2,1,0,0,0,0,0,0,1,0,0,0,0
206905837,1,1,0,0,0,10,2,0,0,2,1,0,0,0,0,0,0,1,0,0,0,0
207150189,1,1,0,0,0,10,2,0,0,2,1,0,0,0,0,0,0,1,0,0,0,0
207391253,1,1,0,0,0,10,2,0,0,2,1,0,0,0,0,0,0,1,0,0,0,0
207621777,1,1,0,0,0,10,2,0,0,2,1,0,0,0,0,0,0,1,0,0,0,0
207862048,1,1,0,0,0,10,2,0,0,2,1,0,0,0,0,0,0,1,0,0,0,0
208099626,1,1,0,0,0,10,2,0,0,2,1,0,0,0,0,0,0,1,0,0,0,0
208330892,1,1,0,0,0,10,2,0,0,2,1,0,0,0,0,0,0,1,0,0,0,0
208566134,1,1,0,0,0,10,2,0,0,2,1,0,0,0,0,0,0,1,0,0,0,0
208794087,1,1,0,0,0,10,2,0,0,2,1,0,0,0,0,0,0,1,0,0,0,0
209028521,1,1,0,0,0,10,2,0,0,2,1,0,0,0,0,0,0,1,0,0,0,0
209258710,1,1,0,0,0,10,2,0,0,2,1,0,0,0,0,0,0,1,0,0,0,0
209494862,1,1,0,0,0,10,2,0,0,2,1,0,0,0,0,0,0,1,0,0,0,0
209727146,1,1,0,0,0,10,2,0,0,2,1,0,0,0,0,0,0,1,0,0,0,0
209966995,1,1,0,0,0,10,2,0,0,2,1,0,0,0,0,0,0,1,0,0,0,0
210197353,1,1,0,0,0,10,2,0,0,2,1,0,0,0,0,0,0,1,0,0,0,0
210424428,1,1,0,0,0,10,2,0,0,2,1,0,0,0,0,0,0,1,0,0,0,0
210655272,1,1,0,0,0,10,2,0,0,2,1,0,0,0,0,0,0,1,0,0,0,0
210886664,1,1,0,0,0,10,2,0,0,2,1,0,0,0,0,0,0,1,0,0,0,0
211118966,1,1,0,0,0,10,2,0,0,2,1,0,0,0,0,0,0,1,0,0,0,0
211349169,1,1,0,0,0,10,2,0,0,2,1,0,0,0,0,0,0,1,0,0,0,0
211579678,1,1,0,0,0,10,2,0,0,2,1,0,0,0,0,0,0,1,0,0,0,0
211813252,1,1,0,0,0,10,2,0,0,2,1,0,0,0,0,0,0,1,0,0,0,0
212050427,1,1,0,0,0,10,2,0,0,2,1,0,0,0,0,0,0,1,0,0,0,0
212291610,1,1,0,0,0,10,2,0,0,2,1,0,0,0,0,0,0,1,0,0,0,0
212522735,1,1,0,0,0,10,2,0,0,2,1,0,0,0,0,0,0,1,0,0,0,0
212760486,1,1,0,0,0,10,2,0,0,2,1,0,0,0,0,0,0,1,0,0,0,0
212998766,1,1,0,0,0,10,2,0,0,2,1,0,0,0,0,0,0,1,0,0,0,0
213233920,1,1,0,0,0,10,2,0,0,2,1,0,0,0,0,0,0,1,0,0,0,0
213467134,1,1,0,0,0,10,2,0,0,2,1,0,0,0,0,0,0,1,0,0,0,0
213704736,1,1,0,0,0,10,2,0,0,2,1,0,0,0,0,0,0,1,0,0,0,0
213933352,1,1,0,0,0,10,2,0,0,2,1,0,0,0,0,0,0,1,0,0,0,0
214166484,1,1,0,0,0,10,2,0,0,2,1,0,0,0,0,0,0,1,0,0,0,0
214398610,1,1,0,0,0,10,2,0,0,2,1,0,0,0,0,0,0,1,0,0,0,0
214629809,1,1,0,0,0,10,2,0,0,2,1,0,0,0,0,0,0,1,0,0,0,0
214875591,1,1,0,0,0,10,2,0,0,2,1,0,0,0,0,0,0,1,0,0,0,0
215121319,1,1,0,0,0,10,2,0,0,2,1,0,0,0,0,0,0,1,0,0,0,0
215357330,1,1,0,0,0,10,2,0,0,2,1,0,0,0,0,0,0,1,0,0,0,0
215586558,1,1,0,0,0,10,2,0,0,2,1,0,0,0,0,0,0,1,0,0,0,0
215823207,1,1,0,0,0,10,2,0,0,2,1,0,0,0,0,0,0,1,0,0,0,0
216051705,1,1,0,0,0,10,2,0,0,2,1,0,0,0,0,0,0,1,0,0,0,0
216283992,1,1,0,0,0,10,2,0,0,2,1,0,0,0,0,0,0,1,0,0,0,0
216518693,1,1,0,0,0,10,2,0,0,2,1,0,0,0,0,0,0,1,0,0,0,0
216753171,1,1,0,0,0,10,2,0,0,2,1,0,0,0,0,0,0,1,0,0,0,0
216983167,1,1,0,0,0,10,2,0,0,2,1,0,0,0,0,0,0,1,0,0,0,0
217215260,1,1,0,0,0,10,2,0,0,2,1,0,0,0,0,0,0,1,0,0,0,0
217451365,1,1,0,0,0,10,2,0,0,2,1,0,0,0,0,0,0,1,0,0,0,0
217686773,1,1,0,0,0,10,2,0,0,2,1,0,0,0,0,0,0,1,0,0,0,0
217919006,1,1,0,0,0,10,2,0,0,2,1,0,0,0,0,0,0,1,0,0,0,0
218149009,1,1,0,0,0,10,2,0,0,2,1,0,0,0,0,0,0,1,0,0,0,0
218383666,1,1,0,0,0,10,2,0,0,2,1,0,0,0,0,0,0,1,0,0,0,0
218612349,1,1,0,0,0,10,2,0,0,2,1,0,0,0,0,0,0,1,0,0,0,0
218841294,1,1,0,0,0,10,2,0,0,2,1,0,0,0,0,0,0,1,0,0,0,0
219068390,1,1,0,0,0,10,2,0,0,2,1,0,0,0,0,0,0,1,0,0,0,0
219299682,1,1,0,0,0,10,2,0,0,2,1,0,0,0,0,0,0,1,0,0,0,0
219541320,1,1,0,0,0,10,2,0,0,2,1,0,0,0,0,0,0,1,0,0,0,0
219773907,1,1,0,0,0,10,2,0,0,2,1,0,0,0,0,0,0,1,0,0,0,0
220012471,1,1,0,0,0,10,2,0,0,2,1,0,0,0,0,0,0,1,0,0,0,0
220245135,1,1,0,0,0,10,2,0,0,2,1,0,0,0,0,0,0,1,0,0,0,0
220477380,1,1,0,0,0,10,2,0,0,2,1,0,0,0,0,0,0,1,0,0,0,0
220714201,1,1,0,0,0,10,2,0,0,2,1,0,0,0,0,0,0,1,0,0,0,0
220946592,1,1,0,0,0,10,2,0,0,2,1,0,0,0,0,0,0,1,0,0,0,0
221185251,1,1,0,0,0,10,2,0,0,2,1,0,0,0,0,0,0,1,0,0,0,0
221423643,1,1,0,0,0,10,2,0,0,2,1,0,0,0,0,0,0,1,0,0,0,0
221663646,1,1,0,0,0,10,2,0,0,2,1,0,0,0,0,0,0,1,0,0,0,0
221901939,1,1,0,0,0,10,2,0,0,2,1,0,0,0,0,0,0,1,0,0,0,0
222135730,1,1,0,0,0,10,2,0,0,2,1,0,0,0,0,0,0,1,0,0,0,0
222368087,1,1,0,0,0,10,2,0,0,2,1,0,0,0,0,0,0,1,0,0,0,0
222603789,1,1,0,0,0,10,2,0,0,2,1,0,0,0,0,0,0,1,0,0,0,0
222840576,1,1,0,0,0,10,2,0,0,2,1,0,0,0,0,0,0,1,0,0,0,0
223081943,1,1,0,0,0,10,2,0,0,2,1,0,0,0,0,0,0,1,0,0,0,0
223322162,1,1,0,0,0,10,2,0,0,2,1,0,0,0,0,0,0,1,0,0,0,0
223555672,1,1,0,0,0,10,2,0,0,2,1,0,0,0,0,0,0,1,0,0,0,0
223791166,1,1,0,0,0,10,2,0,0,2,1,0,0,0,0,0,0,1,0,0,0,0
224025560,1,1,0,0,0,10,2,0,0,2,1,0,0,0,0,0,0,1,0,0,0,0
224250862,1,1,0,0,0,10,2,0,0,2,1,0,0,0,0,0,0,1,0,0,0,0
224485254,1,1,0,0,0,10,2,0,0,2,1,0,0,0,0,0,0,1,0,0,0,0
224712215,1,1,0,0,0,10,2,0,0,2,1,0,0,0,0,0,0,1,0,0,0,0
224946397,1,1,0,0,0,10,2,0,0,2,1,0,0,0,0,0,0,1,0,0,0,0
225176125,1,1,0,0,0,10,2,0,0,2,1,0,0,0,0,0,0,1,0,0,0,0
225415667,1,1,0,0,0,10,2,0,0,2,1,0,0,0,0,0,0,1,0,0,0,0
225652511,1,1,0,0,0,10,2,0,0,2,1,0,0,0,0,0,0,1,0,0,0,0
225880275,1,1,0,0,0,10,2,0,0,2,1,0,0,0,0,0,0,1,0,0,0,0
226114053,1,1,0,0,0,10,2,0,0,2,1,0,0,0,0,0,0,1,0,0,0,0
226345229,1,1,0,0,0,10,2,0,0,2,1,0,0,0,0,0,0,1,0,0,0,0
226580794,1,1,0,0,0,10,2,0,0,2,1,0,0,0,0,0,0,1,0,0,0,0
226813290,1,1,0,0,0,10,2,0,0,2,1,0,0,0,0,0,0,1,0,0,0,0
227046645,1,1,0,0,0,10,2,0,0,2,1,0,0,0,0,0,0,1,0,0,0,0
227281255,1,1,0,0,0,10,2,0,0,2,1,0,0,0,0,0,0,1,0,0,0,0
227511611,1,1,0,0,0,10,2,0,0,2,1,0,0,0,0,0,0,1,0,0,0,0
227750363,1,1,0,0,0,10,2,0,0,2,1,0,0,0,0,0,0,1,0,0,0,0
227979996,1,1,0,0,0,10,2,0,0,2,1,0,0,0,0,0,0,1,0,0,0,0
228218575,1,1,0,0,0,10,2,0,0,2,1,0,0,0,0,0,0,1,0,0,0,0
228453999,1,1,0,0,0,10,2,0,0,2,1,0,0,0,0,0,0,1,0,0,0,0
228694559,1,1,0,0,0,10,2,0,0,2,1,0,0,0,0,0,0,1,0,0,0,0
228935372,1,1,0,0,0,10,2,0,0,2,1,0,0,0,0,0,0,1,0,0,0,0
229170952,1,1,0,0,0,10,2,0,0,2,1,0,0,0,0,0,0,1,0,0,0,0
229402839,1,1,0,0,0,10,2,0,0,2,1,0,0,0,0,0,0,1,0,0,0,0
229643689,1,1,0,0,0,10,2,0,0,2,1,0,0,0,0,0,0,1,0,0,0,0
229878864,1,1,0,0,0,10,2,0,0,2,1,0,0,0,0,0,0,1,0,0,0,0
230115452,1,1,0,0,0,10,2,0,0,2,1,0,0,0,0,0,0,1,0,0,0,0
230355649,1,1,0,0,0,10,2,0,0,2,1,0,0,0,0,0,0,1,0,0,0,0
230593222,1,1,0,0,0,10,2,0,0,2,1,0,0,0,0,0,0,1,0,0,0,0
230827501,1,1,0,0,0,10,2,0,0,2,1,0,0,0,0,0,0,1,0,0,0,0
230839795,1,1,0,0,0,0,2,0,0,2,1,0,0,0,0,0,0,1,0,0,0,0
231070338,1,1,0,0,0,0,2,0,0,2,1,0,0,0,0,0,0,1,0,0,0,0
231303905,1,1,0,0,0,0,2,0,0,2,1,0,0,0,0,0,0,1,0,0,0,0
231539174,1,1,0,0,0,0,2,0,0,2,1,0,0,0,0,0,0,1,0,0,0,0
231773635,1,1,0,0,0,0,2,0,0,2,1,0,0,0,0,0,0,1,0,0,0,0
232008970,1,1,0,0,0,0,2,0,0,2,1,0,0,0,0,0,0,1,0,0,0,0
232244976,1,1,0,0,0,0,2,0,0,2,1,0,0,0,0,0,0,1,0,0,0,0
232484992,1,1,0,0,0,0,2,0,0,2,1,0,0,0,0,0,0,1,0,0,0,0
232722831,1,1,0,0,0,0,2,0,0,2,1,0,0,0,0,0,0,1,0,0,0,0
232966127,1,1,0,0,0,0,2,0,0,2,1,0,0,0,0,0,0,1,0,0,0,0
233203110,1,1,0,0,0,0,2,0,0,2,1,0,0,0,0,0,0,1,0,0,0,0
233437770,1,1,0,0,0,0,2,0,0,2,1,0,0,0,0,0,0,1,0,0,0,0
233677884,1,1,0,0,0,0,2,0,0,2,1,0,0,0,0,0,0,1,0,0,0,0
233913543,1,1,0,0,0,0,2,0,0,2,1,0,0,0,0,0,0,1,0,0,0,0
234147391,1,1,0,0,0,0,2,0,0,2,1,0,0,0,0,0,0,1,0,0,0,0
234378466,1,1,0,0,0,0,2,0,0,2,1,0,0,0,0,0,0,1,0,0,0,0
234615385,1,1,0,0,0,0,2,0,0,2,1,0,0,0,0,0,0,1,0,0,0,0
234850568,1,1,0,0,0,0,2,0,0,2,1,0,0,0,0,0,0,1,0,0,0,0
235095461,1,1,0,0,0,0,2,0,0,2,1,0,0,0,0,0,0,1,0,0,0,0
235334926,1,1,0,0,0,0,2,0,0,2,1,0,0,0,0,0,0,1,0,0,0,0
235566787,1,1,0,0,0,0,2,0,0,2,1,0,0,0,0,0,0,1,0,0,0,0
235803698,1,1,0,0,0,0,2,0,0,2,1,0,0,0,0,0,0,1,0,0,0,0
236044375,1,1,0,0,0,0,2,0,0,2,1,0,0,0,0,0,0,1,0,0,0,0
236279913,1,1,0,0,0,0,2,0,0,2,1,0,0,0,0,0,0,1,0,0,0,0
236521922,1,1,0,0,0,0,2,0,0,2,1,0,0,0,0,0,0,1,0,0,0,0
236756228,1,1,0,0,0,0,2,0,0,2,1,0,0,0,0,0,0,1,0,0,0,0
236992198,1,1,0,0,0,0,2,0,0,2,1,0,0,0,0,0,0,1,0,0,0,0
237235792,1,1,0,0,0,0,2,0,0,2,1,0,0,0,0,0,0,1,0,0,0,0
237472405,1,1,0,0,0,0,2,0,0,2,1,0,0,0,0,0,0,1,0,0,0,0
237705021,1,1,0,0,0,0,2,0,0,2,1,0,0,0,0,0,0,1,0,0,0,0
237942486,1,1,0,0,0,0,2,0,0,2,1,0,0,0,0,0,0,1,0,0,0,0
238184579,1,1,0,0,0,0,2,0,0,2,1,0,0,0,0,0,0,1,0,0,0,0
238417627,1,1,0,0,0,0,2,0,0,2,1,0,0,0,0,0,0,1,0,0,0,0
238653666,1,1,0,0,0,0,2,0,0,2,1,0,0,0,0,0,0,1,0,0,0,0
238889989,1,1,0,0,0,0,2,0,0,2,1,0,0,0,0,0,0,1,0,0,0,0
239126418,1,1,0,0,0,0,2,0,0,2,1,0,0,0,0,0,0,1,0,0,0,0
239359722,1,1,0,0,0,0,2,0,0,2,1,0,0,0,0,0,0,1,0,0,0,0
239592205,1,1,0,0,0,0,2,0,0,2,1,0,0,0,0,0,0,1,0,0,0,0
239826066,1,1,0,0,0,0,2,0,0,2,1,0,0,0,0,0,0,1,0,0,0,0
240066464,1,1,0,0,0,0,2,0,0,2,1,0,0,0,0,0,0,1,0,0,0,0
