timestamp,time_utc_usec,lat,lon,alt,alt_ellipsoid,s_variance_m_s,c_variance_rad,eph,epv,hdop,vdop,noise_per_ms,jamming_indicator,vel_m_s,vel_n_m_s,vel_e_m_s,vel_d_m_s,cog_rad,timestamp_time_relative,fix_type,vel_ned_valid,satellites_used
108683267,1474132828924587,398136058,-1052143621,1785055,0,0.514,0.527371,1.889,2.369,0.81,1.22,85,46,0.041,-0.041,-0.007,-0.009,2.09315,0,3,1,13
108884452,1474132829924652,398136058,-1052143623,1785050,0,0.501,0.527397,1.888,2.366,0.81,1.22,85,46,0.09,-0.044,-0.079,-0.011,2.09315,0,3,1,13
109075218,1474132829924652,398136058,-1052143625,1785053,0,0.532,0.527425,1.888,2.363,0.81,1.22,85,48,0.037,-0.011,-0.035,0.022,2.09315,0,3,1,13
109284370,1474132829924652,398136058,-1052143625,1785027,0,0.458,0.527449,1.888,2.36,0.81,1.22,85,48,0.081,-0.077,0.026,0.018,2.09315,0,3,1,13
109485179,1474132829924652,398136056,-1052143627,1785010,0,0.514,0.527476,1.888,2.358,0.81,1.22,85,48,0.187,-0.187,0.002,0.023,2.09315,0,3,1,13
109696184,1474132829924652,398136055,-1052143629,1785001,0,0.393,0.527496,1.888,2.356,0.81,1.22,85,48,0.065,-0.016,-0.063,-0.088,2.09315,0,3,1,13
109887309,1474132830924718,398136056,-1052143629,1784973,0,0.505,0.527522,1.889,2.354,0.81,1.22,85,48,0.027,0.006,0.027,-0.042,2.09315,0,3,1,13
110085990,1474132830924718,398136058,-1052143629,1784994,0,0.51,0.527549,1.889,2.352,0.81,1.22,85,48,0.094,0.081,0.048,-0.041,2.09315,0,3,1,13
110284916,1474132830924718,398136062,-1052143628,1784969,0,0.529,0.527576,1.889,2.35,0.81,1.22,85,48,0.151,0.121,0.089,-0.032,2.09315,0,3,1,13
110474754,1474132830924718,398136064,-1052143627,1784918,0,0.527,0.527604,1.89,2.348,0.81,1.22,85,48,0.06,0.022,0.055,-0.046,2.09315,0,3,1,13
110694898,1474132830924718,398136066,-1052143627,1784875,0,0.519,0.527631,1.89,2.346,0.81,1.22,85,48,0.031,-0.005,-0.031,0.036,2.09315,0,3,1,13
110896032,1474132831924783,398136067,-1052143628,1784855,0,0.374,0.52765,1.89,2.343,0.81,1.22,85,48,0.051,0.0,-0.051,-0.057,2.09315,0,3,1,13
111085649,1474132831924783,398136070,-1052143627,1784823,0,0.498,0.527676,1.889,2.341,0.81,1.22,85,50,0.105,0.076,0.073,0.039,2.09315,0,3,1,13
111279995,1474132831924783,398136074,-1052143627,1784760,0,0.512,0.527703,1.89,2.341,0.81,1.22,85,50,0.099,0.093,-0.033,0.164,2.09315,0,3,1,13
111480040,1474132831924783,398136076,-1052143627,1784718,0,0.534,0.52773,1.89,2.34,0.81,1.22,85,50,0.04,0.017,-0.036,0.054,2.09315,0,3,1,13
111679323,1474132831924783,398136077,-1052143627,1784737,0,0.394,0.527751,1.89,2.339,0.81,1.22,85,50,0.023,-0.023,0.0,0.072,2.09315,0,3,1,13
111878235,1474132832924849,398136077,-1052143627,1784713,0,0.521,0.527778,1.89,2.338,0.81,1.22,85,50,0.083,-0.045,-0.069,0.025,2.09315,0,3,1,13
112142532,1474132832924849,398136078,-1052143628,1784711,0,0.458,0.527802,1.888,2.336,0.71,1.17,85,47,0.084,0.046,-0.07,0.079,2.09315,0,3,1,16
112287375,1474132832924849,398136079,-1052143628,1784666,0,0.415,0.527823,1.884,2.335,0.71,1.17,85,47,0.033,-0.013,0.03,0.003,2.09315,0,3,1,16
112488204,1474132832924849,398136079,-1052143629,1784659,0,0.381,0.527843,1.881,2.332,0.71,1.17,85,47,0.087,0.004,-0.086,-0.052,2.09315,0,3,1,16
112689152,1474132832924849,398136079,-1052143630,1784650,0,0.386,0.527863,1.877,2.33,0.71,1.17,85,47,0.052,0.008,0.052,0.029,2.09315,0,3,1,16
112907313,1474132833924914,398136080,-1052143631,1784644,0,0.32,0.52788,1.874,2.328,0.71,1.17,85,47,0.087,0.083,-0.028,-0.065,2.09315,0,3,1,16
113090108,1474132833924914,398136081,-1052143633,1784670,0,0.368,0.527899,1.87,2.326,0.71,1.17,85,47,0.14,0.002,-0.14,-0.303,2.09315,0,3,1,16
113289118,1474132833924914,398136081,-1052143637,1784746,0,0.387,0.527936,1.867,2.322,0.71,1.17,85,47,0.155,0.086,-0.129,-0.691,2.09315,0,3,1,16
113491998,1474132833924914,398136079,-1052143642,1784929,0,0.374,0.527976,1.863,2.317,0.71,1.17,85,47,0.233,-0.114,-0.203,-0.741,2.09315,0,3,1,16
113689213,1474132833924914,398136073,-1052143648,1785098,0,0.383,0.528015,1.859,2.314,0.72,1.17,85,47,0.153,-0.086,-0.126,-0.745,2.09315,0,3,1,15
113908866,1474132834924980,398136067,-1052143653,1785188,0,0.384,0.528046,1.855,2.309,0.72,1.17,85,47,0.154,-0.139,-0.067,-0.557,2.09315,0,3,1,15
114149975,1474132834924980,398136064,-1052143650,1785235,0,0.455,0.52808,1.85,2.304,0.71,1.17,85,45,0.368,-0.168,0.327,-0.539,2.09315,0,3,1,16
114299797,1474132834924980,398136059,-1052143641,1785324,0,0.451,0.616494,1.844,2.294,0.71,1.17,85,45,0.563,-0.252,0.504,-0.391,2.06842,0,3,1,16
114492586,1474132834924980,398136054,-1052143627,1785425,0,0.466,0.517695,1.838,2.284,0.71,1.17,85,45,0.645,-0.159,0.625,-0.462,1.92242,0,3,1,16
114700566,1474132834924980,398136054,-1052143606,1785476,0,0.448,0.305767,1.832,2.274,0.71,1.17,85,45,1.069,0.104,1.064,-0.512,1.58979,0,3,1,16
114903563,1474132835925045,398136052,-1052143583,1785667,0,0.466,0.411477,1.827,2.266,0.71,1.17,85,45,0.8,0.08,0.796,-0.427,1.54724,0,3,1,16
115120595,1474132835925045,398136057,-1052143555,1785698,0,0.447,0.235444,1.824,2.26,0.71,1.17,85,52,1.576,0.289,1.55,-0.549,1.42607,0,3,1,16
115304443,1474132835925045,398136066,-1052143516,1785738,0,0.422,0.21268,1.82,2.253,0.71,1.17,85,52,1.861,0.621,1.755,-0.358,1.31835,0,3,1,16
115503492,1474132835925045,398136079,-1052143473,1785785,0,0.38,0.190438,1.816,2.244,0.71,1.17,85,52,2.124,0.82,1.96,-0.155,1.23845,0,3,1,16
115706399,1474132835925045,398136094,-1052143425,1785782,0,0.381,0.179438,1.813,2.239,0.71,1.17,85,52,2.317,0.984,2.098,0.076,1.18208,0,3,1,16
115896229,1474132836925111,398136110,-1052143369,1785796,0,0.368,0.143187,1.808,2.235,0.71,1.17,85,52,2.755,1.12,2.517,-0.158,1.16378,0,3,1,16
116165595,1474132836925111,398136129,-1052143306,1785841,0,0.374,0.145883,1.806,2.231,0.71,1.17,85,63,2.928,1.16,2.689,-0.132,1.16369,0,3,1,16
116305364,1474132836925111,398136157,-1052143240,1785852,0,0.363,0.155552,1.806,2.234,0.71,1.17,85,63,3.245,1.549,2.851,-0.212,1.12116,0,3,1,16
116504190,1474132836925111,398136185,-1052143173,1785870,0,0.368,0.136261,1.805,2.235,0.71,1.17,85,63,3.393,1.628,2.977,-0.402,1.09226,0,3,1,16
116700000,1474132836925111,398136210,-1052143101,1785889,0,0.339,0.104366,1.801,2.231,0.72,1.17,85,63,3.677,1.732,3.244,-0.33,1.08472,0,3,1,15
116905119,1474132837925176,398136235,-1052143022,1785961,0,0.332,0.108917,1.798,2.228,0.72,1.17,85,63,3.828,1.665,3.447,-0.114,1.10218,0,3,1,15
117114476,1474132837925176,398136264,-1052142943,1785924,0,0.286,0.0948117,1.792,2.213,0.71,1.17,85,43,4.07,1.885,3.607,0.158,1.09477,0,3,1,16
117292927,1474132837925176,398136292,-1052142858,1785948,0,0.319,0.0960418,1.786,2.198,0.71,1.17,85,43,4.162,1.827,3.74,0.37,1.10554,0,3,1,16
117495948,1474132837925176,398136325,-1052142773,1785843,0,0.382,0.0889463,1.784,2.2,0.71,1.17,85,43,4.206,2.022,3.689,0.3,1.08583,0,3,1,16
117696839,1474132837925176,398136356,-1052142683,1785867,0,0.393,0.0994539,1.781,2.19,0.71,1.17,85,43,4.198,1.986,3.699,0.167,1.08235,0,3,1,16
117898809,1474132838925242,398136391,-1052142591,1785907,0,0.337,0.10727,1.781,2.189,0.71,1.17,85,43,4.314,2.049,3.796,-0.036,1.07929,0,3,1,16
118159662,1474132838925242,398136422,-1052142497,1786009,0,0.289,0.0935805,1.778,2.183,0.72,1.17,85,40,4.445,2.232,3.844,0.015,1.05947,0,3,1,15
119098576,1474132839925307,398136584,-1052142066,1786121,0,0.394,0.122444,1.786,2.217,0.71,1.17,85,43,4.05,2.006,3.519,0.293,1.07085,0,3,1,16
119305611,1474132839925307,398136618,-1052141981,1786049,0,0.403,0.122761,1.789,2.227,0.71,1.17,85,43,3.969,1.796,3.539,0.306,1.08608,0,3,1,16
119494416,1474132839925307,398136647,-1052141900,1785994,0,0.39,0.134855,1.791,2.238,0.71,1.17,85,43,3.588,1.464,3.276,0.106,1.11545,0,3,1,16
119690442,1474132839925307,398136673,-1052141823,1786008,0,0.405,0.14478,1.794,2.25,0.71,1.17,85,43,3.388,1.454,3.06,0.033,1.121,0,3,1,16
119894405,1474132840925373,398136702,-1052141759,1785947,0,0.429,0.178024,1.798,2.259,0.71,1.17,85,43,2.903,1.594,2.426,-0.117,1.06847,0,3,1,16
120128409,1474132840925373,398136724,-1052141698,1786048,0,0.393,0.180552,1.799,2.265,0.71,1.17,85,43,2.794,1.248,2.5,-0.038,1.08782,0,3,1,16
120296331,1474132840925373,398136746,-1052141640,1786068,0,0.392,0.208952,1.803,2.276,0.71,1.17,85,43,2.651,1.303,2.309,0.0,1.07456,0,3,1,16
120509134,1474132840925373,398136766,-1052141590,1786129,0,0.439,0.243615,1.809,2.292,0.71,1.17,85,43,2.159,1.168,1.816,0.108,1.04254,0,3,1,16
120689970,1474132840925373,398136778,-1052141547,1786244,0,0.424,0.31742,1.814,2.302,0.71,1.17,85,43,1.742,0.856,1.517,0.341,1.04796,0,3,1,16
120896065,1474132841925438,398136795,-1052141509,1786192,0,0.358,0.246608,1.816,2.307,0.71,1.17,85,43,2.104,1.127,1.777,-0.005,1.02148,0,3,1,16
121097936,1474132841925438,398136813,-1052141471,1786328,0,0.407,0.292645,1.819,2.314,0.71,1.17,85,44,1.91,1.212,1.476,-0.484,0.963964,0,3,1,16
121289889,1474132841925438,398136834,-1052141438,1786382,0,0.398,0.308121,1.825,2.326,0.71,1.17,85,44,1.758,1.237,1.249,-0.112,0.881522,0,3,1,16
121488048,1474132841925438,398136853,-1052141409,1786440,0,0.386,0.350839,1.829,2.337,0.71,1.17,85,44,1.554,1.071,1.126,-0.101,0.850538,0,3,1,16
121697708,1474132841925438,398136873,-1052141386,1786518,0,0.391,0.360424,1.832,2.345,0.71,1.17,85,44,1.548,1.348,0.761,-0.114,0.686654,0,3,1,16
121898696,1474132842925504,398136889,-1052141365,1786619,0,0.374,0.486113,1.835,2.356,0.71,1.17,85,44,1.131,0.858,0.737,-0.234,0.694682,0,3,1,16
122149902,1474132842925504,398136904,-1052141350,1786640,0,0.451,0.660692,1.841,2.373,0.71,1.17,85,44,0.889,0.804,0.379,-0.152,0.605237,0,3,1,16
122302562,1474132842925504,398136910,-1052141335,1786796,0,0.387,0.66072,1.845,2.382,0.71,1.17,85,44,0.657,0.416,0.508,-0.16,0.605237,0,3,1,16
122497468,1474132842925504,398136918,-1052141324,1786850,0,0.464,0.660744,1.848,2.388,0.71,1.17,85,44,0.536,0.466,0.265,-0.227,0.605237,0,3,1,16
122700806,1474132842925504,398136926,-1052141317,1786895,0,0.495,0.660765,1.851,2.395,0.71,1.17,85,44,0.452,0.435,0.123,-0.251,0.605237,0,3,1,16
122889270,1474132843925570,398136930,-1052141312,1786982,0,0.576,0.660789,1.855,2.406,0.71,1.17,85,44,0.209,0.209,0.002,-0.214,0.605237,0,3,1,16
123098390,1474132843925570,398136934,-1052141311,1786924,0,0.466,0.660809,1.859,2.419,0.71,1.17,85,44,0.058,-0.057,0.009,-0.003,0.605237,0,3,1,16
123298366,1474132843925570,398136932,-1052141310,1786984,0,0.475,0.660828,1.863,2.432,0.71,1.17,85,44,0.166,-0.069,-0.151,-0.227,0.605237,0,3,1,16
123508861,1474132843925570,398136930,-1052141309,1787026,0,0.377,0.660844,1.867,2.445,0.71,1.17,85,44,0.213,-0.185,-0.105,-0.038,0.605237,0,3,1,16
123698395,1474132843925570,398136928,-1052141310,1787005,0,0.4,0.66086,1.87,2.456,0.71,1.17,85,44,0.208,-0.096,-0.184,0.01,0.605237,0,3,1,16
123900859,1474132844925635,398136927,-1052141312,1786953,0,0.49,0.660881,1.871,2.466,0.71,1.17,85,44,0.139,-0.042,-0.133,0.081,0.605237,0,3,1,16
124141189,1474132844925635,398136925,-1052141310,1787014,0,0.431,0.660899,1.873,2.472,0.71,1.17,85,42,0.1,-0.012,-0.099,-0.087,0.605237,0,3,1,16
124283825,1474132844925635,398136920,-1052141306,1787150,0,0.486,0.660919,1.871,2.474,0.71,1.17,85,42,0.1,-0.089,-0.046,-0.193,0.605237,0,3,1,16
124495803,1474132844925635,398136916,-1052141310,1787191,0,0.484,0.660939,1.874,2.483,0.72,1.17,85,42,0.219,-0.106,-0.192,-0.281,0.605237,0,3,1,15
124706803,1474132844925635,398136911,-1052141316,1787277,0,0.463,0.660962,1.877,2.493,0.72,1.17,85,42,0.443,-0.146,-0.419,-0.321,0.605237,0,3,1,15
124895712,1474132845925701,398136909,-1052141321,1787396,0,0.501,0.660982,1.879,2.5,0.71,1.17,85,42,0.379,0.199,-0.323,-0.203,0.605237,0,3,1,16
125096777,1474132845925701,398136908,-1052141326,1787480,0,0.471,0.661002,1.881,2.509,0.71,1.17,79,44,0.329,-0.151,-0.292,-0.321,0.605237,0,3,1,16
125302701,1474132845925701,398136900,-1052141321,1787592,0,0.516,0.661023,1.886,2.524,0.71,1.17,79,44,0.417,-0.381,0.169,-0.023,0.605237,0,3,1,16
125495536,1474132845925701,398136893,-1052141319,1787598,0,0.446,0.661042,1.89,2.537,0.71,1.17,79,44,0.277,-0.27,-0.061,-0.287,0.605237,0,3,1,16
125690924,1474132845925701,398136886,-1052141319,1787621,0,0.387,0.661058,1.89,2.54,0.71,1.17,79,44,0.328,-0.322,-0.063,-0.176,0.605237,0,3,1,16
125903501,1474132846925766,398136877,-1052141319,1787654,0,0.48,0.66108,1.891,2.544,0.71,1.17,79,44,0.473,-0.467,0.076,-0.233,0.605237,0,3,1,16
126147610,1474132846925766,398136871,-1052141317,1787618,0,0.499,0.661101,1.891,2.547,0.71,1.17,79,45,0.381,-0.362,0.12,-0.213,0.605237,0,3,1,16
126296355,1474132846925766,398136865,-1052141313,1787641,0,0.465,0.66112,1.893,2.554,0.71,1.17,79,45,0.368,-0.339,0.144,-0.28,0.605237,0,3,1,16
126498405,1474132846925766,398136857,-1052141309,1787681,0,0.455,0.661143,1.894,2.56,0.71,1.17,79,45,0.441,-0.394,0.196,-0.337,0.605237,0,3,1,16
126696215,1474132846925766,398136850,-1052141303,1787700,0,0.494,0.730389,1.896,2.567,0.71,1.17,79,45,0.482,-0.403,0.264,-0.219,1.48695,0,3,1,16
126907231,1474132847925832,398136840,-1052141297,1787703,0,0.486,0.629183,1.897,2.577,0.71,1.17,79,45,0.601,-0.54,0.265,-0.139,2.17449,0,3,1,16
127091274,1474132847925832,398136830,-1052141290,1787669,0,0.521,0.485424,1.899,2.588,0.71,1.17,79,42,0.772,-0.658,0.404,-0.131,2.43552,0,3,1,16
127296040,1474132847925832,398136820,-1052141281,1787622,0,0.528,0.577954,1.902,2.597,0.71,1.17,79,42,0.615,-0.476,0.39,0.035,2.44369,0,3,1,16
127496995,1474132847925832,398136811,-1052141270,1787578,0,0.526,0.475722,1.904,2.607,0.71,1.17,79,42,0.755,-0.558,0.509,-0.066,2.4186,0,3,1,16
127694843,1474132847925832,398136801,-1052141258,1787533,0,0.522,0.455556,1.906,2.616,0.71,1.17,79,42,0.789,-0.606,0.505,0.106,2.43353,0,3,1,16
127908855,1474132848925897,398136789,-1052141244,1787517,0,0.555,0.506325,1.908,2.63,0.71,1.17,79,42,0.713,-0.498,0.51,0.214,2.39383,0,3,1,16
128148948,1474132848925897,398136779,-1052141227,1787439,0,0.536,0.387902,1.91,2.639,0.71,1.17,79,44,0.986,-0.577,0.799,0.294,2.26926,0,3,1,16
128294697,1474132848925897,398136767,-1052141207,1787401,0,0.544,0.414108,1.912,2.648,0.71,1.17,79,44,0.967,-0.551,0.795,0.248,2.22605,0,3,1,16
128496612,1474132848925897,398136756,-1052141188,1787308,0,0.481,0.334145,1.911,2.648,0.71,1.17,79,44,1.031,-0.588,0.847,0.222,2.19674,0,3,1,16
128696553,1474132848925897,398136740,-1052141166,1787253,0,0.516,0.254939,1.91,2.649,0.72,1.17,79,44,1.349,-0.813,1.076,0.268,2.21017,0,3,1,15
128909150,1474132849925963,398136728,-1052141144,1787114,0,0.559,0.353978,1.913,2.657,0.71,1.17,79,44,1.096,-0.627,0.899,0.415,2.19991,0,3,1,16
129105600,1474132849925963,398136717,-1052141124,1786991,0,0.536,0.312076,1.914,2.662,0.71,1.17,79,45,1.135,-0.74,0.861,0.104,2.24548,0,3,1,16
129297411,1474132849925963,398136702,-1052141103,1786927,0,0.539,0.292282,1.915,2.666,0.71,1.17,79,45,1.32,-0.971,0.893,0.173,2.32683,0,3,1,16
129497357,1474132849925963,398136684,-1052141078,1786849,0,0.576,0.253787,1.916,2.671,0.71,1.17,79,45,1.579,-1.17,1.061,0.112,2.3715,0,3,1,16
129689389,1474132849925963,398136665,-1052141053,1786815,0,0.544,0.275483,1.917,2.675,0.71,1.17,79,45,1.41,-1.075,0.912,-0.091,2.40212,0,3,1,16
129909324,1474132850926028,398136645,-1052141030,1786836,0,0.535,0.269617,1.918,2.679,0.71,1.17,79,45,1.445,-1.069,0.971,-0.13,2.40312,0,3,1,16
130146509,1474132850926028,398136626,-1052141005,1786836,0,0.507,0.248862,1.919,2.681,0.71,1.17,79,43,1.494,-1.058,1.055,-0.208,2.37855,0,3,1,16
130298396,1474132850926028,398136609,-1052140982,1786871,0,0.489,0.282075,1.919,2.686,0.71,1.17,79,43,1.127,-0.755,0.836,-0.226,2.34645,0,3,1,16
130497187,1474132850926028,398136594,-1052140960,1786930,0,0.512,0.275444,1.92,2.692,0.71,1.17,79,43,1.256,-0.831,0.942,-0.247,2.31939,0,3,1,16
130698075,1474132850926028,398136580,-1052140938,1786983,0,0.491,0.345482,1.92,2.686,0.71,1.17,79,43,1.109,-0.679,0.877,-0.193,2.28452,0,3,1,16
130898048,1474132851926094,398136567,-1052140917,1787050,0,0.481,0.334223,1.919,2.686,0.71,1.17,79,43,1.027,-0.565,0.858,-0.239,2.21659,0,3,1,16
131098000,1474132851926094,398136556,-1052140895,1787157,0,0.493,0.333077,1.918,2.678,0.71,1.17,79,41,1.044,-0.561,0.88,-0.231,2.17747,0,3,1,16
131306381,1474132851926094,398136545,-1052140874,1787214,0,0.501,0.408087,1.917,2.677,0.71,1.17,79,41,0.853,-0.406,0.75,-0.14,2.13338,0,3,1,16
131499833,1474132851926094,398136538,-1052140857,1787174,0,0.475,0.443678,1.915,2.678,0.71,1.17,79,41,0.785,-0.303,0.725,-0.049,2.05709,0,3,1,16
131700883,1474132851926094,398136532,-1052140841,1787178,0,0.426,0.527995,1.912,2.668,0.71,1.17,79,41,0.655,-0.158,0.636,0.118,1.95668,0,3,1,16
131905166,1474132852926159,398136527,-1052140827,1787097,0,0.441,0.533541,1.91,2.667,0.71,1.17,79,41,0.675,-0.139,0.661,0.316,1.86866,0,3,1,16
132157954,1474132852926159,398136526,-1052140814,1786994,0,0.443,0.533572,1.91,2.673,0.71,1.17,79,43,0.476,0.06,0.472,0.372,1.86866,0,3,1,16
132299412,1474132852926159,398136526,-1052140803,1786949,0,0.371,0.533595,1.91,2.676,0.71,1.17,79,43,0.406,0.08,0.398,0.181,1.86866,0,3,1,16
132483539,1474132852926159,398136531,-1052140798,1786855,0,0.365,0.533618,1.909,2.679,0.71,1.17,79,43,0.431,0.377,0.21,-0.049,1.86866,0,3,1,16
132699806,1474132852926159,398136533,-1052140801,1786755,0,0.464,0.533641,1.906,2.675,0.71,1.17,79,43,0.1,-0.012,-0.099,0.253,1.86866,0,3,1,16
132900488,1474132853926225,398136535,-1052140807,1786730,0,0.5,0.533667,1.907,2.677,0.71,1.17,79,43,0.317,0.026,-0.316,-0.384,1.86866,0,3,1,16
133103343,1474132853926225,398136530,-1052140816,1787124,0,0.484,0.58441,1.907,2.682,0.72,1.17,79,45,0.667,-0.075,-0.663,-1.989,3.11109,0,3,1,15
133315399,1474132853926225,398136522,-1052140829,1787798,0,0.51,0.573412,1.905,2.687,0.72,1.17,79,45,0.773,-0.43,-0.643,-3.52,3.62663,0,3,1,15
133510393,1474132853926225,398136506,-1052140837,1788871,0,0.513,0.520743,1.904,2.69,0.72,1.17,79,45,0.915,-0.839,-0.364,-4.924,3.58519,0,3,1,15
133702235,1474132853926225,398136486,-1052140842,1790260,0,0.522,0.578537,1.903,2.693,0.71,1.17,79,45,0.862,-0.775,-0.376,-6.356,3.58894,0,3,1,16
133886389,1474132854926290,398136464,-1052140845,1792033,0,0.574,0.670537,1.901,2.695,0.71,1.17,79,45,0.81,-0.693,-0.42,-7.56,3.63065,0,3,1,16
134156386,1474132854926290,398136452,-1052140862,1793818,0,0.725,0.607858,1.9,2.696,0.76,1.17,79,39,1.084,-0.382,-1.014,-8.507,4.35178,0,3,1,15
134312417,1474132854926290,398136421,-1052140856,1795869,0,1.001,0.44392,1.899,2.697,0.71,1.17,79,39,1.635,-1.621,0.214,-8.203,3.01032,0,3,1,16
134502017,1474132854926290,398136384,-1052140838,1797861,0,1.285,0.533176,1.898,2.7,0.71,1.17,79,39,1.736,-1.707,0.316,-8.575,2.95828,0,3,1,16
134697976,1474132854926290,398136355,-1052140827,1799392,0,1.513,0.709025,1.896,2.702,0.71,1.17,79,39,1.276,-1.231,0.334,-6.915,2.92864,0,3,1,16
134897938,1474132855926356,398136360,-1052140853,1800724,0,1.771,0.532841,1.901,2.716,0.77,1.23,79,39,1.903,0.927,-1.662,-7.815,5.2213,0,3,1,14
135100999,1474132855926356,398136370,-1052140886,1802295,0,2.155,0.616828,1.914,2.745,0.77,1.23,79,34,2.354,0.822,-2.206,-6.409,5.15615,0,3,1,14
135284038,1474132855926356,398136358,-1052140889,1803480,0,2.069,0.617074,1.936,2.778,0.76,1.17,79,34,0.785,-0.711,0.332,-5.468,5.15615,0,3,1,15
135506716,1474132855926356,398136337,-1052140853,1805014,0,2.17,0.695794,1.959,2.81,0.77,1.23,79,34,1.764,-0.997,1.455,-6.128,3.84137,0,3,1,14
135696840,1474132855926356,398136316,-1052140782,1806967,0,2.354,0.616688,1.978,2.843,0.71,1.17,79,34,2.645,-0.328,2.624,-7.76,1.6951,0,3,1,16
135898591,1474132856926422,398136310,-1052140693,1809626,0,2.66,0.718861,1.995,2.865,0.76,1.17,79,34,3.138,0.277,3.126,-10.043,1.48227,0,3,1,15
136147686,1474132856926422,398136286,-1052140584,1812584,0,3.631,0.563765,2.012,2.899,0.73,1.23,79,42,3.993,-1.148,3.825,-11.703,1.86226,0,3,1,15
136295409,1474132856926422,398136262,-1052140519,1815597,0,4.282,0.886498,2.031,2.934,0.76,1.17,79,42,2.348,-1.546,1.767,-13.433,1.86226,0,3,1,15
136495364,1474132856926422,398136236,-1052140490,1818614,0,4.917,0.974182,2.046,2.975,0.79,1.31,79,42,2.159,-1.826,1.152,-14.527,1.86226,0,3,1,13
136694279,1474132856926422,398136223,-1052140541,1819247,0,4.563,2.41594,2.055,3.007,0.81,1.53,79,42,1.043,-0.199,-1.024,-9.698,1.86226,0,3,1,11
136897272,1474132857926487,398136228,-1052140638,1818892,0,3.653,2.41601,2.051,3.016,0.81,1.53,79,42,2.177,0.414,-2.137,-5.462,1.86226,0,3,1,11
137097168,1474132857926487,398136237,-1052140736,1818460,0,2.388,0.612479,2.052,3.02,0.81,1.26,79,41,3.076,0.064,-3.076,-2.626,4.55988,0,3,1,12
137297174,1474132857926487,398136252,-1052140854,1817552,0,2.391,0.344684,2.054,3.02,1.03,1.46,79,41,4.5,1.448,-4.261,0.02,4.92459,0,3,1,11
137499152,1474132857926487,398136282,-1052140983,1816837,0,2.245,0.254535,2.058,3.016,1.03,1.46,79,41,5.229,1.923,-4.863,0.801,5.03103,0,3,1,11
137713492,1474132857926487,398136311,-1052141107,1816350,0,1.829,0.229267,2.061,3.009,1.03,1.41,79,41,5.153,1.807,-4.826,0.455,5.05292,0,3,1,12
137915060,1474132858926553,398136343,-1052141234,1815907,0,1.314,0.200781,2.058,3.002,0.83,1.45,79,41,5.008,1.874,-4.645,0.426,5.0773,0,3,1,12
138137149,1474132858926553,398136380,-1052141363,1815283,0,1.266,0.170711,2.054,2.988,0.86,1.23,79,40,5.151,2.004,-4.745,0.834,5.09753,0,3,1,12
138298896,1474132858926553,398136420,-1052141487,1814818,0,1.17,0.176733,2.052,2.983,0.87,1.31,79,40,4.558,1.711,-4.225,1.028,5.09736,0,3,1,11
138507000,1474132858926553,398136458,-1052141609,1814273,0,0.998,0.186243,2.047,2.978,0.87,1.31,79,40,4.126,1.764,-3.73,1.061,5.12438,0,3,1,11
138703846,1474132858926553,398136499,-1052141726,1813691,0,0.87,0.160413,2.041,2.969,0.86,1.23,79,40,4.49,2.069,-3.984,0.929,5.16298,0,3,1,12
138898793,1474132859926618,398136541,-1052141829,1813127,0,0.942,0.174087,2.038,2.962,0.87,1.31,79,40,3.649,1.701,-3.229,1.454,5.17876,0,3,1,11
139095779,1474132859926618,398136580,-1052141920,1812543,0,0.917,0.164079,2.036,2.955,0.86,1.23,79,40,3.541,1.986,-2.932,1.717,5.24733,0,3,1,12
139296864,1474132859926618,398136622,-1052142008,1811964,0,0.862,0.155721,2.032,2.947,0.81,1.23,79,40,3.562,2.101,-2.876,1.609,5.29802,0,3,1,13
139487605,1474132859926618,398136667,-1052142083,1811402,0,0.856,0.16316,2.029,2.94,0.81,1.23,79,40,3.231,2.306,-2.263,1.436,5.39815,0,3,1,13
139706591,1474132859926618,398136716,-1052142149,1810815,0,0.815,0.158667,2.027,2.937,0.81,1.23,79,40,3.043,2.463,-1.786,1.698,5.53098,0,3,1,13
139898440,1474132860922752,398136766,-1052142195,1810349,0,0.664,0.153418,2.022,2.93,0.81,1.23,79,40,2.475,2.257,-1.015,1.202,5.70188,0,3,1,13
140150873,1474132860922752,398136810,-1052142229,1809970,0,0.657,0.183762,2.019,2.923,0.81,1.23,79,43,2.163,2.126,-0.396,0.549,5.86556,0,3,1,13
140298397,1474132860922752,398136854,-1052142249,1809639,0,0.611,0.205803,2.016,2.914,0.81,1.23,79,43,2.13,2.114,0.267,0.13,6.10702,0,3,1,13
140497919,1474132860922752,398136890,-1052142240,1809546,0,0.607,0.352325,2.02,2.911,1.03,1.41,79,43,1.968,1.684,1.019,-0.414,0.00747839,0,3,1,12
140690280,1474132860922752,398136916,-1052142221,1809499,0,0.55,0.497776,2.029,2.909,1.22,1.47,79,43,1.62,0.996,1.278,-0.713,0.308499,0,3,1,11
140898228,1474132861922817,398136941,-1052142199,1809381,0,0.446,0.38423,2.031,2.905,0.86,1.23,79,43,1.776,0.785,1.592,-0.369,0.812523,0,3,1,12
141097676,1474132861922817,398136961,-1052142171,1809259,0,0.421,0.379691,2.035,2.907,0.86,1.23,85,43,1.79,0.825,1.589,-0.297,0.953844,0,3,1,12
141300100,1474132861922817,398136975,-1052142136,1809082,0,0.437,0.326901,2.037,2.915,0.81,1.23,85,43,1.948,0.152,1.942,0.2,1.26328,0,3,1,13
141510098,1474132861922817,398136978,-1052142095,1808974,0,0.515,0.276769,2.039,2.923,0.86,1.23,85,43,2.024,-0.281,2.004,0.026,1.52364,0,3,1,12
141700970,1474132861922817,398136974,-1052142056,1808819,0,0.543,0.251977,2.042,2.932,0.86,1.23,85,43,2.056,-0.654,1.95,0.05,1.72646,0,3,1,12
141898388,1474132862922883,398136966,-1052142024,1808538,0,0.548,0.164979,2.039,2.941,0.86,1.23,85,43,2.253,-1.315,1.83,0.43,2.05376,0,3,1,12
142144061,1474132862922883,398136949,-1052141988,1808375,0,0.559,0.149062,2.035,2.951,0.84,1.22,85,41,2.366,-1.578,1.763,0.008,2.19022,0,3,1,13
142298964,1474132862922883,398136923,-1052141951,1808097,0,0.578,0.112953,2.035,2.964,0.84,1.22,85,41,3.035,-2.169,2.124,0.409,2.30267,0,3,1,13
142498739,1474132862922883,398136890,-1052141904,1807890,0,0.5,0.0985343,2.032,2.978,0.84,1.22,85,41,3.481,-2.499,2.423,0.438,2.34211,0,3,1,13
142700478,1474132862922883,398136853,-1052141855,1807670,0,0.626,0.125682,2.033,2.994,0.84,1.22,85,41,3.201,-2.204,2.321,0.307,2.33762,0,3,1,13
142900358,1474132863922948,398136810,-1052141805,1807264,0,0.554,0.0882981,2.033,3.012,0.84,1.22,85,41,4.272,-3.39,2.599,0.833,2.43852,0,3,1,13
143116385,1474132863922948,398136754,-1052141753,1806860,0,0.728,0.0908205,2.038,3.029,0.84,1.22,85,42,4.282,-3.52,2.44,0.881,2.48636,0,3,1,13
143301268,1474132863922948,398136699,-1052141702,1806556,0,0.593,0.102381,2.043,3.042,0.86,1.23,85,42,4.204,-3.314,2.586,0.531,2.483,0,3,1,12
143491219,1474132863922948,398136648,-1052141650,1806313,0,0.594,0.117601,2.046,3.046,0.86,1.23,85,42,3.87,-3.016,2.425,-0.042,2.47489,0,3,1,12
143702494,1474132863922948,398136595,-1052141597,1806252,0,0.666,0.0968899,2.05,3.046,0.86,1.23,85,42,3.894,-3.021,2.458,-0.46,2.46511,0,3,1,12
143890503,1474132864923014,398136549,-1052141548,1806248,0,0.616,0.114579,2.053,3.046,0.86,1.23,85,42,3.524,-2.751,2.202,-0.738,2.46575,0,3,1,12
144106464,1474132864923014,398136509,-1052141508,1806317,0,0.603,0.135738,2.055,3.052,0.86,1.23,85,44,3.125,-2.523,1.844,-1.153,2.48448,0,3,1,12
144300987,1474132864923014,398136465,-1052141468,1806444,0,0.627,0.126409,2.057,3.057,0.86,1.23,85,44,3.154,-2.513,1.906,-1.073,2.48893,0,3,1,12
144542846,1474132864923014,398136423,-1052141429,1806588,0,0.595,0.132796,2.057,3.062,0.81,1.2,85,44,3.031,-2.475,1.75,-1.09,2.50665,0,3,1,13
144704794,1474132864923014,398136381,-1052141392,1806725,0,0.699,0.131684,2.061,3.066,0.8,1.19,85,44,3.127,-2.588,1.754,-1.574,2.52659,0,3,1,14
144888658,1474132865923079,398136342,-1052141353,1806882,0,0.602,0.130089,2.062,3.07,0.76,1.17,85,44,3.078,-2.478,1.825,-1.321,2.51658,0,3,1,15
145107677,1474132865923079,398136303,-1052141311,1807021,0,0.65,0.117264,2.064,3.071,0.76,1.17,84,43,3.075,-2.196,2.153,-1.411,2.43308,0,3,1,15
145302857,1474132865923079,398136272,-1052141274,1807061,0,0.651,0.138139,2.067,3.074,0.76,1.17,84,43,2.735,-2.081,1.775,-1.462,2.43406,0,3,1,15
145503007,1474132865923079,398136243,-1052141237,1807158,0,0.643,0.147055,2.069,3.077,0.76,1.17,84,43,2.575,-1.741,1.897,-1.496,2.37717,0,3,1,15
145686436,1474132865923079,398136224,-1052141201,1807271,0,0.632,0.171013,2.07,3.078,0.76,1.17,84,43,2.065,-1.153,1.713,-1.394,2.28597,0,3,1,15
145892597,1474132866923145,398136213,-1052141170,1807307,0,0.593,0.189132,2.07,3.077,0.76,1.17,84,43,1.905,-1.018,1.61,-1.181,2.21785,0,3,1,15
146094422,1474132866923145,398136202,-1052141143,1807238,0,0.551,0.185494,2.07,3.076,0.77,1.17,84,41,1.91,-1.052,1.594,-0.856,2.18531,0,3,1,14
146286408,1474132866923145,398136191,-1052141118,1807135,0,0.517,0.202073,2.07,3.074,0.77,1.17,84,41,1.656,-0.905,1.387,-0.716,2.16871,0,3,1,14
146549575,1474132866923145,398136178,-1052141097,1807105,0,0.538,0.250463,2.068,3.073,0.77,1.17,84,41,1.418,-0.916,1.083,-0.803,2.20981,0,3,1,14
146698196,1474132866923145,398136166,-1052141079,1807109,0,0.504,0.292092,2.068,3.07,0.77,1.17,84,41,1.253,-0.867,0.904,-0.64,2.26289,0,3,1,14
146896133,1474132867923211,398136155,-1052141063,1807014,0,0.496,0.245615,2.066,3.069,0.72,1.17,84,41,1.346,-0.862,1.034,-0.417,2.26473,0,3,1,15
147089977,1474132867923211,398136145,-1052141047,1806922,0,0.497,0.255792,2.064,3.069,0.77,1.17,84,40,1.361,-0.825,1.083,-0.431,2.24418,0,3,1,14
147305965,1474132867923211,398136134,-1052141027,1806903,0,0.492,0.2472,2.062,3.067,0.72,1.17,84,40,1.324,-0.778,1.071,-0.491,2.22096,0,3,1,15
147496860,1474132867923211,398136129,-1052141011,1806775,0,0.481,0.276698,2.059,3.066,0.72,1.17,84,40,1.221,-0.652,1.032,-0.592,2.1823,0,3,1,15
147680801,1474132867923211,398136124,-1052140993,1806696,0,0.491,0.292115,2.057,3.066,0.72,1.17,84,40,1.18,-0.546,1.045,-0.348,2.12078,0,3,1,15
147904826,1474132868923276,398136119,-1052140972,1806582,0,0.487,0.271315,2.055,3.066,0.71,1.17,84,40,1.269,-0.55,1.144,-0.134,2.06614,0,3,1,16
148099703,1474132868923276,398136115,-1052140952,1806306,0,0.477,0.270814,2.054,3.062,0.71,1.17,84,39,1.307,-0.642,1.138,0.415,2.07542,0,3,1,16
148306152,1474132868923276,398136112,-1052140928,1806037,0,0.474,0.261791,2.052,3.059,0.71,1.17,84,39,1.488,-0.474,1.41,0.42,1.98222,0,3,1,16
148556860,1474132868923276,398136111,-1052140905,1805627,0,0.493,0.232379,2.05,3.052,0.72,1.17,84,39,1.635,-0.481,1.563,0.826,1.91912,0,3,1,15
148696519,1474132868923276,398136107,-1052140882,1805270,0,0.511,0.269694,2.047,3.049,0.72,1.17,84,39,1.273,-0.672,1.082,0.909,2.00769,0,3,1,15
148897394,1474132869923342,398136100,-1052140862,1804892,0,0.522,0.23846,2.045,3.046,0.72,1.17,84,39,1.504,-0.754,1.302,0.905,2.05706,0,3,1,15
149085387,1474132869923342,398136085,-1052140833,1804627,0,0.547,0.218387,2.044,3.045,0.71,1.17,85,40,1.852,-1.186,1.423,1.112,2.17051,0,3,1,16
149305234,1474132869923342,398136065,-1052140799,1804333,0,0.53,0.169752,2.043,3.044,0.71,1.17,85,40,2.234,-1.353,1.777,0.824,2.20243,0,3,1,16
149510185,1474132869923342,398136047,-1052140762,1803992,0,0.537,0.164999,2.043,3.043,0.72,1.17,85,40,2.394,-1.192,2.076,0.947,2.14555,0,3,1,15
149698008,1474132869923342,398136032,-1052140724,1803697,0,0.54,0.180011,2.043,3.042,0.72,1.17,85,40,2.139,-1.066,1.854,0.654,2.12142,0,3,1,15
149899004,1474132870923407,398136016,-1052140686,1803432,0,0.514,0.169346,2.042,3.037,0.71,1.17,85,40,2.117,-1.135,1.787,0.616,2.12967,0,3,1,16
150102934,1474132870923407,398135997,-1052140650,1803122,0,0.512,0.15908,2.041,3.033,0.71,1.17,85,42,2.257,-1.446,1.734,0.761,2.20216,0,3,1,16
150298839,1474132870923407,398135976,-1052140614,1802797,0,0.531,0.148533,2.04,3.032,0.72,1.17,85,42,2.481,-1.488,1.985,0.675,2.20857,0,3,1,15
150533958,1474132870923407,398135951,-1052140574,1802588,0,0.621,0.153775,2.04,3.031,0.71,1.17,85,42,2.412,-1.629,1.778,0.505,2.2589,0,3,1,16
150698703,1474132870923407,398135930,-1052140543,1802210,0,0.496,0.173452,2.037,3.03,0.71,1.17,85,42,2.23,-1.563,1.591,0.497,2.29786,0,3,1,16
150897804,1474132871923473,398135907,-1052140512,1802007,0,0.54,0.173335,2.036,3.026,0.72,1.17,85,42,2.038,-1.338,1.536,0.467,2.29264,0,3,1,15
151098909,1474132871923473,398135888,-1052140480,1801634,0,0.531,0.167077,2.036,3.01,0.72,1.17,85,38,2.29,-1.369,1.836,0.537,2.2504,0,3,1,15
151297736,1474132871923473,398135869,-1052140439,1801309,0,0.509,0.162943,2.035,2.994,0.71,1.17,85,38,2.354,-1.275,1.979,0.731,2.19525,0,3,1,16
151508525,1474132871923473,398135849,-1052140402,1801092,0,0.53,0.185662,2.035,2.986,0.71,1.17,85,38,2.023,-1.239,1.599,0.402,2.2103,0,3,1,16
151699361,1474132871923473,398135832,-1052140370,1800976,0,0.515,0.209269,2.035,2.978,0.72,1.17,85,38,1.767,-0.931,1.502,0.084,2.17288,0,3,1,15
151890220,1474132872923538,398135818,-1052140337,1800858,0,0.541,0.190826,2.035,2.978,0.72,1.17,85,38,1.965,-0.91,1.742,0.016,2.10704,0,3,1,15
152106259,1474132872923538,398135811,-1052140306,1800693,0,0.55,0.233742,2.034,2.976,0.71,1.17,85,39,1.587,-0.705,1.421,-0.145,2.07669,0,4,1,16
152302113,1474132872923538,398135807,-1052140282,1800543,0,0.575,0.277118,2.033,2.974,0.71,1.17,85,39,1.339,-0.545,1.223,-0.277,2.0407,0,4,1,16
152551383,1474132872923538,398135803,-1052140260,1800522,0,0.59,0.386186,2.035,2.976,0.72,1.17,85,39,1.15,-0.292,1.112,-0.32,1.96824,0,4,1,15
152709797,1474132872923538,398135807,-1052140243,1800368,0,0.515,0.552165,2.037,2.964,0.72,1.17,85,39,0.916,0.132,0.907,-0.326,1.79019,0,4,1,15
152914087,1474132873923604,398135811,-1052140230,1800296,0,0.561,0.619383,2.039,2.965,0.72,1.17,85,39,0.732,-0.058,0.729,-0.212,1.72835,0,4,1,15
153101933,1474132873923604,398135816,-1052140216,1800304,0,0.545,0.619415,2.042,2.971,0.71,1.17,84,33,0.613,0.148,0.595,-0.384,1.72835,0,4,1,16
153296103,1474132873923604,398135822,-1052140210,1800340,0,0.599,0.619442,2.046,2.982,0.71,1.17,84,33,0.27,0.208,0.172,-0.433,1.72835,0,4,1,16
153497814,1474132873923604,398135827,-1052140212,1800304,0,0.571,0.619467,2.05,2.989,0.71,1.17,84,33,0.099,0.087,0.047,-0.26,1.72835,0,4,1,16
153692794,1474132873923604,398135838,-1052140220,1800122,0,0.586,0.619493,2.053,2.995,0.71,1.17,84,33,0.313,0.27,-0.158,-0.137,1.72835,0,4,1,16
153906777,1474132874923669,398135846,-1052140231,1800025,0,0.621,0.61952,2.056,3.002,0.71,1.17,84,33,0.438,0.233,-0.371,-0.084,1.72835,0,4,1,16
154108012,1474132874923669,398135856,-1052140248,1799843,0,0.57,0.546618,2.058,3.002,0.71,1.17,84,42,0.724,0.402,-0.602,0.051,0.204001,0,4,1,16
154304133,1474132874923669,398135865,-1052140267,1799671,0,0.554,0.566899,2.061,3.004,0.71,1.17,84,42,0.741,0.173,-0.721,0.103,5.74586,0,4,1,16
154536847,1474132874923669,398135870,-1052140286,1799464,0,0.544,0.566931,2.06,3.001,0.72,1.17,84,42,0.468,0.0,-0.468,0.476,5.74586,0,4,1,15
154698511,1474132874923669,398135879,-1052140309,1799263,0,0.526,0.354393,2.059,3.0,0.72,1.17,84,42,0.993,0.464,-0.878,0.228,5.35247,0,4,1,15
154914480,1474132875923735,398135895,-1052140342,1798923,0,0.584,0.287699,2.058,2.997,0.71,1.17,84,42,1.33,0.498,-1.233,0.459,5.19782,0,4,1,16
155106451,1474132875923735,398135909,-1052140374,1798655,0,0.603,0.289628,2.061,3.002,0.71,1.17,84,31,1.396,0.706,-1.205,0.655,5.21995,0,4,1,16
155304854,1474132875923735,398135925,-1052140407,1798383,0,0.602,0.29144,2.064,3.004,0.71,1.17,84,31,1.368,0.658,-1.2,0.702,5.21721,0,4,1,16
155505402,1474132875923735,398135941,-1052140447,1797947,0,0.562,0.253836,2.066,3.007,0.71,1.17,84,31,1.655,0.373,-1.613,0.927,5.05918,0,4,1,16
155703318,1474132875923735,398135955,-1052140492,1797609,0,0.587,0.222525,2.068,3.009,0.72,1.17,84,31,1.872,0.671,-1.748,1.041,5.07046,0,4,1,15
155904945,1474132876923800,398135973,-1052140537,1797235,0,0.52,0.213306,2.066,3.007,0.71,1.17,84,31,1.673,0.607,-1.559,0.791,5.07733,0,4,1,16
156107390,1474132876923800,398135989,-1052140580,1796860,0,0.481,0.203118,2.064,3.0,0.72,1.17,79,34,1.762,0.539,-1.678,0.786,5.04892,0,4,1,15
156306092,1474132876923800,398136007,-1052140637,1796438,0,0.536,0.1684,2.062,2.992,0.72,1.17,79,34,2.372,0.676,-2.274,0.766,5.02067,0,4,1,15
156556759,1474132876923800,398136027,-1052140692,1796143,0,0.488,0.170822,2.061,2.987,0.71,1.17,79,34,2.104,0.74,-1.969,0.272,5.0459,0,4,1,16
156708081,1474132876923800,398136043,-1052140742,1795968,0,0.53,0.202565,2.059,2.984,0.71,1.17,79,34,1.979,0.777,-1.82,0.442,5.07503,0,4,1,16
156898882,1474132877923866,398136059,-1052140787,1795808,0,0.513,0.222672,2.057,2.983,0.71,1.17,79,34,1.726,0.583,-1.624,0.127,5.06688,0,4,1,16
157099825,1474132877923866,398136075,-1052140832,1795645,0,0.39,0.186985,2.048,2.968,0.71,1.17,79,35,1.605,0.572,-1.5,0.06,5.07264,0,4,1,16
157288791,1474132877923866,398136087,-1052140867,1795561,0,0.503,0.293188,2.044,2.966,0.71,1.17,79,35,1.221,0.454,-1.133,-0.03,5.07875,0,4,1,16
157497727,1474132877923866,398136098,-1052140898,1795552,0,0.487,0.277434,2.04,2.959,0.71,1.17,79,35,1.27,0.523,-1.157,-0.613,5.10955,0,4,1,16
157697621,1474132877923866,398136108,-1052140922,1795629,0,0.475,0.387514,2.038,2.957,0.71,1.17,79,35,0.916,0.406,-0.821,-0.518,5.13056,0,4,1,16
157907551,1474132878923931,398136124,-1052140946,1795576,0,0.524,0.385947,2.039,2.958,0.71,1.17,79,35,1.06,0.666,-0.824,-0.753,5.26177,0,4,1,16
158116842,1474132878923931,398136134,-1052140962,1795552,0,0.507,0.385988,2.039,2.956,0.71,1.17,79,33,0.299,0.138,-0.266,-0.495,5.26177,0,4,1,16
158307477,1474132878923931,398136141,-1052140972,1795549,0,0.516,0.38603,2.037,2.951,0.72,1.17,79,33,0.346,0.228,-0.26,-0.48,5.26177,0,4,1,15
158543541,1474132878923931,398136158,-1052140987,1795364,0,0.516,0.611097,2.035,2.949,0.72,1.17,79,33,0.625,0.575,-0.245,-0.477,5.43814,0,4,1,15
158687211,1474132878923931,398136169,-1052140995,1795314,0,0.573,0.611123,2.037,2.952,0.72,1.17,79,33,0.367,0.364,-0.051,-0.284,5.43814,0,4,1,15
158906843,1474132879923997,398136176,-1052140998,1795267,0,0.421,0.611142,2.04,2.954,0.72,1.17,79,33,0.258,0.187,0.178,-0.055,5.43814,0,4,1,15
159107230,1474132879923997,398136181,-1052140995,1795196,0,0.491,0.611164,2.042,2.955,0.71,1.17,84,36,0.353,0.052,0.349,-0.155,5.43814,0,4,1,16
159314169,1474132879923997,398136184,-1052140987,1795126,0,0.5,0.784808,2.044,2.956,0.71,1.17,84,36,0.558,-0.089,0.551,-0.013,0.127527,0,4,1,16
159504080,1474132879923997,398136187,-1052140976,1794952,0,0.496,0.565038,2.043,2.95,0.71,1.17,84,36,0.747,-0.082,0.742,-0.113,1.151,0,4,1,16
159704054,1474132879923997,398136191,-1052140961,1794812,0,0.471,0.525057,2.042,2.942,0.71,1.17,84,36,0.816,-0.003,0.816,-0.098,1.3785,0,4,1,16
159908958,1474132880924062,398136196,-1052140941,1794678,0,0.498,0.35495,2.038,2.935,0.71,1.17,84,36,1.095,-0.084,1.092,-0.185,1.56293,0,4,1,16
160088844,1474132880924062,398136196,-1052140916,1794586,0,0.5,0.285936,2.035,2.927,0.71,1.17,84,34,1.285,-0.232,1.264,-0.182,1.67806,0,4,1,16
160305125,1474132880924062,398136196,-1052140883,1794634,0,0.5,0.256111,2.033,2.928,0.72,1.17,84,34,1.614,0.0,1.614,-0.588,1.61863,0,4,1,15
160547387,1474132880924062,398136197,-1052140845,1794577,0,0.498,0.217548,2.032,2.921,0.72,1.17,84,34,1.986,-0.231,1.972,-0.431,1.65866,0,4,1,15
160698777,1474132880924062,398136200,-1052140802,1794507,0,0.499,0.205805,2.031,2.913,0.72,1.17,84,34,2.184,-0.146,2.179,-0.413,1.64752,0,4,1,15
160900665,1474132881924128,398136203,-1052140753,1794529,0,0.495,0.169885,2.029,2.907,0.71,1.17,84,34,2.337,0.027,2.337,-0.755,1.59505,0,4,1,16
161110731,1474132881924128,398136206,-1052140700,1794597,0,0.548,0.200242,2.03,2.904,0.71,1.17,84,34,2.421,0.056,2.42,-0.68,1.57513,0,4,1,16
161299615,1474132881924128,398136205,-1052140642,1794599,0,0.486,0.162611,2.03,2.899,0.71,1.17,84,34,2.668,-0.193,2.661,-0.397,1.61627,0,4,1,16
161484524,1474132881924128,398136209,-1052140587,1794478,0,0.461,0.17123,2.03,2.901,0.71,1.17,84,34,2.563,0.039,2.563,-0.14,1.58747,0,4,1,16
161702550,1474132881924128,398136210,-1052140528,1794399,0,0.483,0.162485,2.029,2.903,0.71,1.17,84,34,2.76,-0.118,2.757,0.129,1.60133,0,4,1,16
161906488,1474132882924194,398136213,-1052140466,1794253,0,0.471,0.140671,2.028,2.905,0.71,1.17,84,34,2.992,-0.1,2.99,-0.042,1.60291,0,4,1,16
162106513,1474132882924194,398136218,-1052140403,1794150,0,0.451,0.150681,2.028,2.9,0.76,1.17,84,37,2.911,0.175,2.906,-0.047,1.55983,0,4,1,15
162314453,1474132882924194,398136223,-1052140340,1794041,0,0.449,0.137079,2.025,2.887,0.76,1.17,84,37,3.014,0.038,3.014,-0.129,1.55884,0,4,1,15
162547531,1474132882924194,398136227,-1052140274,1794028,0,0.463,0.14344,2.024,2.884,0.76,1.17,84,37,3.065,0.16,3.061,-0.327,1.53958,0,4,1,15
162699843,1474132882924194,398136233,-1052140209,1794002,0,0.488,0.144019,2.023,2.882,0.76,1.17,84,37,3.028,0.197,3.022,-0.371,1.52262,0,4,1,15
162888169,1474132883924259,398136239,-1052140138,1794082,0,0.54,0.156812,2.026,2.885,0.76,1.17,84,37,3.227,0.296,3.213,-0.744,1.50255,0,4,1,15
163104277,1474132883924259,398136245,-1052140073,1794153,0,0.517,0.163088,2.028,2.883,0.76,1.17,84,35,2.921,0.2,2.915,-0.837,1.50237,0,4,1,15
163304205,1474132883924259,398136252,-1052140015,1794155,0,0.555,0.173986,2.03,2.887,0.76,1.17,84,35,2.635,0.008,2.635,-0.84,1.53313,0,4,1,15
163502132,1474132883924259,398136256,-1052139965,1794219,0,0.489,0.193398,2.028,2.879,0.76,1.17,84,35,2.516,0.146,2.512,-1.001,1.52396,0,4,1,15
163704140,1474132883924259,398136265,-1052139919,1794372,0,0.49,0.212374,2.027,2.878,0.76,1.17,84,35,2.02,0.456,1.968,-1.099,1.44187,0,4,1,15
163903056,1474132884924325,398136275,-1052139873,1794563,0,0.495,0.217175,2.028,2.879,0.76,1.17,84,35,2.233,0.396,2.198,-1.203,1.41763,0,4,1,15
164106065,1474132884924325,398136285,-1052139835,1794683,0,0.475,0.272782,2.025,2.869,0.76,1.17,84,35,1.83,0.298,1.805,-1.316,1.41355,0,4,1,15
164287851,1474132884924325,398136294,-1052139800,1794952,0,0.483,0.30345,2.023,2.863,0.71,1.17,84,35,1.632,0.538,1.541,-1.612,1.33374,0,4,1,16
164568267,1474132884924325,398136307,-1052139770,1795184,0,0.498,0.379439,2.023,2.862,0.71,1.17,84,35,1.348,0.634,1.19,-1.435,1.23507,0,4,1,16
164703775,1474132884924325,398136322,-1052139754,1795372,0,0.509,0.601858,2.023,2.862,0.76,1.17,84,35,0.901,0.569,0.698,-1.413,1.13599,0,4,1,15
164907750,1474132885924390,398136337,-1052139746,1795522,0,0.493,0.681073,2.024,2.861,0.76,1.17,84,35,0.84,0.683,0.489,-1.263,0.910263,0,4,1,15
165106729,1474132885924390,398136352,-1052139737,1795711,0,0.488,0.621271,2.025,2.86,0.76,1.17,84,33,0.943,0.721,0.607,-1.243,0.795581,0,4,1,15
165304578,1474132885924390,398136369,-1052139728,1795920,0,0.478,0.507876,2.025,2.858,0.71,1.17,84,33,1.098,1.013,0.424,-1.266,0.556513,0,4,1,16
165513657,1474132885924390,398136392,-1052139729,1795991,0,0.489,0.520189,2.025,2.857,0.71,1.17,84,33,0.99,0.99,0.006,-1.192,0.287959,0,4,1,16
165695520,1474132885924390,398136415,-1052139734,1796118,0,0.47,0.354658,2.025,2.856,0.71,1.17,84,33,1.325,1.325,0.004,-0.997,0.0931742,0,4,1,16
165906477,1474132886924456,398136439,-1052139740,1796173,0,0.484,0.430612,2.025,2.855,0.71,1.17,84,33,1.05,1.035,-0.177,-0.664,6.27006,0,4,1,16
166108458,1474132886924456,398136462,-1052139755,1796225,0,0.514,0.348948,2.026,2.857,0.71,1.17,84,36,1.333,1.169,-0.639,-0.883,5.97611,0,4,1,16
166307402,1474132886924456,398136486,-1052139772,1796330,0,0.502,0.264167,2.025,2.854,0.71,1.17,84,36,1.429,1.31,-0.572,-0.791,5.90938,0,4,1,16
166558588,1474132886924456,398136514,-1052139794,1796359,0,0.541,0.257124,2.025,2.853,0.71,1.17,84,36,1.61,1.311,-0.935,-0.781,5.78301,0,4,1,16
166708313,1474132886924456,398136540,-1052139819,1796406,0,0.543,0.256155,2.028,2.858,0.71,1.17,84,36,1.627,1.325,-0.945,-0.599,5.72299,0,4,1,16
166897949,1474132887924521,398136571,-1052139849,1796407,0,0.577,0.16752,2.03,2.863,0.71,1.17,84,36,1.986,1.513,-1.287,-1.062,5.62165,0,4,1,16
167707014,1474132887924521,398136641,-1052139975,1799745,0,0.546,0.187155,2.018,2.871,0.76,1.17,84,37,1.839,0.897,-1.605,-7.235,5.26018,0,4,1,15
167906873,1474132888924587,398136674,-1052140033,1801210,0,0.541,0.109992,2.015,2.87,0.77,1.23,84,37,2.904,1.641,-2.395,-8.62,5.31315,0,4,1,14
168107808,1474132888924587,398136710,-1052140100,1802916,0,0.557,0.100927,2.013,2.869,0.77,1.23,84,35,3.297,1.77,-2.782,-9.167,5.27896,0,4,1,14
168299649,1474132888924587,398136732,-1052140146,1804806,0,0.734,0.213363,2.011,2.866,0.76,1.17,84,35,2.235,1.165,-1.906,-8.81,5.2611,0,4,1,15
168547778,1474132888924587,398136728,-1052140146,1807134,0,1.094,1.14835,2.008,2.861,0.71,1.17,84,35,0.683,0.244,-0.638,-8.749,5.2611,0,4,1,16
168707530,1474132888924587,398136734,-1052140167,1808973,0,1.317,0.399434,2.007,2.861,0.72,1.23,84,35,2.072,0.902,-1.866,-8.285,5.16249,0,4,1,15
168910513,1474132889924652,398136730,-1052140192,1810173,0,1.622,0.399827,2.017,2.881,0.76,1.17,84,35,1.208,-0.812,-0.894,-5.601,5.16249,0,4,1,15
169100369,1474132889924652,398136709,-1052140188,1810732,0,1.794,0.400041,2.039,2.908,0.76,1.17,84,34,0.798,-0.567,0.563,-3.012,5.16249,0,4,1,15
169304368,1474132889924652,398136668,-1052140139,1810990,0,2.073,0.417058,2.065,2.937,0.71,1.17,84,34,3.383,-2.437,2.346,-1.777,3.82596,0,4,1,16
169507703,1474132889924652,398136646,-1052140091,1811840,0,1.831,0.417275,2.09,2.97,0.71,1.17,84,34,1.202,-0.078,1.199,-3.065,3.82596,0,4,1,16
169701802,1474132889924652,398136651,-1052140045,1813267,0,1.856,0.417642,2.112,3.001,0.71,1.17,84,34,1.796,1.34,1.196,-5.3,3.82596,0,4,1,16
169900141,1474132890924718,398136690,-1052140018,1814915,0,2.034,0.684143,2.131,3.028,0.76,1.17,84,34,3.27,3.109,1.013,-6.302,4.5798,0,4,1,15
170100409,1474132890924718,398136702,-1052139997,1816446,0,2.955,0.684326,2.148,3.063,0.77,1.33,84,33,0.882,0.878,-0.09,-4.476,4.5798,0,4,1,13
170298417,1474132890924718,398136707,-1052140050,1817638,0,2.906,0.688916,2.159,3.095,0.77,1.23,84,33,3.084,-0.125,-3.082,-4.981,4.62549,0,4,1,14
170550206,1474132890924718,398136707,-1052140121,1819420,0,3.427,0.7535,2.169,3.125,0.85,1.35,84,33,3.163,-0.207,-3.156,-7.058,4.6353,0,4,1,11
170702824,1474132890924718,398136718,-1052140237,1819735,0,2.927,0.500396,2.171,3.138,0.77,1.23,84,33,4.123,0.073,-4.123,-5.267,4.70104,0,4,1,14
170914860,1474132891924783,398136723,-1052140348,1819852,0,2.472,0.655882,2.178,3.152,1.07,1.32,84,33,3.643,-0.118,-3.641,-3.442,4.69332,0,4,1,13
171100685,1474132891924783,398136770,-1052140504,1818665,0,1.992,0.261832,2.178,3.151,0.8,1.25,84,34,5.471,2.193,-5.013,-0.136,5.06546,0,4,1,13
171301630,1474132891924783,398136828,-1052140663,1817641,0,1.849,0.188987,2.175,3.146,0.8,1.25,84,34,6.256,2.533,-5.72,1.523,5.10749,0,4,1,13
171504591,1474132891924783,398136881,-1052140818,1816827,0,2.118,0.162859,2.177,3.148,1.11,1.36,84,34,6.53,2.676,-5.957,2.418,5.12311,0,4,1,12
171701595,1474132891924783,398136934,-1052140981,1815868,0,1.894,0.138322,2.18,3.147,1.05,1.34,84,34,6.707,2.592,-6.186,3.108,5.11499,0,4,1,13
171904490,1474132892924849,398136987,-1052141144,1814938,0,1.706,0.131384,2.183,3.146,1.05,1.34,84,34,6.985,2.935,-6.338,3.322,5.13148,0,4,1,13
172107408,1474132892924849,398137043,-1052141305,1814110,0,1.267,0.118693,2.182,3.141,0.78,1.18,84,34,6.682,2.72,-6.103,3.002,5.13152,0,4,1,14
172305370,1474132892924849,398137097,-1052141465,1813251,0,1.063,0.112045,2.179,3.137,0.78,1.18,84,34,6.524,2.328,-6.094,3.049,5.10248,0,4,1,14
172536352,1474132892924849,398137143,-1052141625,1812373,0,0.907,0.100875,2.175,3.132,0.78,1.18,84,34,6.424,1.79,-6.169,2.992,5.04222,0,4,1,14
172714446,1474132892924849,398137183,-1052141776,1811529,0,0.782,0.0937303,2.169,3.124,0.78,1.18,84,34,5.862,1.584,-5.644,3.003,5.01159,0,4,1,14
172912184,1474132893924914,398137213,-1052141918,1810653,0,0.9,0.0912648,2.171,3.124,1.05,1.34,84,34,5.651,1.281,-5.504,3.049,4.9747,0,4,1,13
173113139,1474132893924914,398137232,-1052142045,1809898,0,0.839,0.116905,2.174,3.122,1.05,1.34,84,37,4.46,0.416,-4.44,2.792,4.90937,0,4,1,13
173306787,1474132893924914,398137248,-1052142152,1809265,0,0.715,0.137063,2.17,3.116,0.78,1.18,84,37,3.455,0.45,-3.425,1.941,4.88116,0,4,1,14
173506461,1474132893924914,398137260,-1052142239,1808758,0,0.589,0.180275,2.16,3.108,0.78,1.18,84,37,2.448,-0.187,-2.441,1.214,4.79082,0,4,1,14
173704906,1474132893924914,398137270,-1052142311,1808466,0,0.419,0.242213,2.148,3.098,0.78,1.18,84,37,1.751,-0.302,-1.725,0.066,4.70092,0,4,1,14
173887761,1474132894924980,398137276,-1052142363,1808220,0,0.361,0.353264,2.138,3.088,0.78,1.18,84,37,1.413,-0.691,-1.232,-0.097,4.541,0,4,1,14
174114451,1474132894924980,398137270,-1052142392,1808044,0,0.495,0.53939,2.137,3.084,0.78,1.18,84,36,1.127,-0.995,-0.529,-0.236,4.26741,0,4,1,14
174309821,1474132894924980,398137261,-1052142416,1807861,0,0.509,0.463701,2.134,3.082,0.76,1.17,84,36,1.117,-1.098,-0.205,-0.264,3.72633,0,4,1,15
174554539,1474132894924980,398137248,-1052142437,1807625,0,0.523,0.331708,2.129,3.076,0.76,1.17,84,36,1.307,-1.305,0.059,0.053,3.3095,0,4,1,15
174699643,1474132894924980,398137236,-1052142454,1807440,0,0.546,0.329777,2.123,3.071,0.76,1.17,84,36,1.219,-1.189,0.268,0.011,3.11331,0,4,1,15
174904608,1474132895925046,398137224,-1052142464,1807270,0,0.539,0.341036,2.119,3.066,0.76,1.17,84,36,1.096,-1.007,0.433,0.361,2.93087,0,4,1,15
175108917,1474132895925046,398137208,-1052142463,1806976,0,0.485,0.211553,2.112,3.061,0.71,1.17,84,32,1.726,-1.594,0.662,0.795,2.79896,0,4,1,16
175296443,1474132895925046,398137183,-1052142455,1806631,0,0.523,0.153311,2.107,3.055,0.71,1.17,84,32,2.223,-1.941,1.083,0.992,2.68966,0,4,1,16
175507418,1474132895925046,398137157,-1052142445,1806350,0,0.506,0.185501,2.101,3.052,0.71,1.17,84,32,1.865,-1.729,0.699,0.656,2.71725,0,4,1,16
175707415,1474132895925046,398137132,-1052142448,1805972,0,0.49,0.120994,2.091,3.045,0.77,1.17,84,32,2.203,-2.016,0.89,0.845,2.72325,0,4,1,14
175910887,1474132896925111,398137099,-1052142435,1805677,0,0.481,0.102532,2.081,3.035,0.77,1.17,84,32,2.941,-2.626,1.325,0.475,2.69471,0,4,1,14
176111198,1474132896925111,398137055,-1052142416,1805352,0,0.535,0.0800644,2.078,3.032,1.01,1.3,84,48,3.292,-2.869,1.615,0.529,2.65357,0,4,1,13
176308131,1474132896925111,398137009,-1052142386,1805032,0,0.552,0.0957044,2.077,3.032,0.86,1.28,84,48,3.205,-2.792,1.573,0.608,2.64311,0,4,1,15
176557290,1474132896925111,398136969,-1052142362,1804716,0,0.448,0.0851991,2.067,3.027,0.72,1.17,84,48,3.541,-3.132,1.653,0.513,2.65042,0,4,1,15
176688009,1474132896925111,398136921,-1052142329,1804376,0,0.493,0.0798223,2.063,3.021,1.0,1.3,84,48,3.673,-3.172,1.853,0.813,2.63017,0,4,1,14
176905713,1474132897925177,398136871,-1052142295,1804013,0,0.494,0.0787407,2.058,3.015,0.77,1.17,84,48,3.786,-3.234,1.969,0.582,2.61189,0,4,1,14
177103858,1474132897925177,398136819,-1052142263,1803612,0,0.409,0.0733358,2.049,3.011,0.77,1.17,90,35,4.328,-3.802,2.066,0.775,2.62931,0,4,1,14
177314463,1474132897925177,398136759,-1052142223,1803323,0,0.529,0.090517,2.045,3.009,0.77,1.17,90,35,4.149,-3.58,2.097,0.655,2.62218,0,4,1,14
177504646,1474132897925177,398136702,-1052142178,1803024,0,0.417,0.0731324,2.037,3.006,0.76,1.17,90,35,4.671,-4.085,2.265,0.542,2.63018,0,4,1,15
177701599,1474132897925177,398136636,-1052142131,1802789,0,0.492,0.0723985,2.032,3.002,0.76,1.17,90,35,4.524,-3.991,2.129,0.43,2.64126,0,4,1,15
177909614,1474132898925242,398136574,-1052142093,1802485,0,0.415,0.0749608,2.025,2.999,0.77,1.17,90,35,4.741,-4.222,2.158,0.599,2.655,0,4,1,14
178089362,1474132898925242,398136509,-1052142057,1802139,0,0.451,0.0833562,2.02,2.998,0.79,1.2,90,36,4.375,-3.967,1.844,0.778,2.67857,0,4,1,13
178300349,1474132898925242,398136442,-1052142019,1801910,0,0.517,0.0862599,2.017,2.997,0.78,1.2,90,36,4.29,-4.011,1.523,0.456,2.72776,0,4,1,14
178560631,1474132898925242,398136375,-1052141991,1801718,0,0.452,0.0935767,2.015,2.997,0.78,1.2,90,36,4.337,-4.137,1.301,0.15,2.77875,0,4,1,14
178700332,1474132898925242,398136306,-1052141968,1801534,0,0.496,0.10179,2.014,2.997,0.78,1.2,90,36,4.227,-4.078,1.114,0.218,2.82339,0,4,1,14
178911225,1474132899925308,398136237,-1052141951,1801317,0,0.432,0.0945684,2.012,2.998,0.78,1.2,90,36,4.429,-4.377,0.673,0.124,2.91327,0,4,1,14
179106419,1474132899925308,398136164,-1052141944,1801173,0,0.523,0.116601,2.012,3.0,0.78,1.2,96,38,4.147,-4.135,0.314,0.333,2.97477,0,4,1,14
179308877,1474132899925308,398136099,-1052141946,1800801,0,0.364,0.10665,2.01,3.001,0.78,1.2,96,38,4.201,-4.187,0.341,0.749,3.02165,0,4,1,14
179488935,1474132899925308,398136031,-1052141956,1800530,0,0.455,0.117544,2.008,3.0,0.78,1.2,96,38,4.003,-3.981,-0.427,0.415,3.12516,0,4,1,14
179699528,1474132899925308,398135963,-1052141973,1800314,0,0.41,0.121821,2.007,2.999,0.78,1.2,96,38,4.129,-4.081,-0.625,0.453,3.20708,0,4,1,14
179899632,1474132900925373,398135894,-1052141991,1800179,0,0.442,0.124933,2.008,2.999,0.79,1.2,96,38,3.998,-3.97,-0.474,0.116,3.23322,0,4,1,13
180110869,1474132900925373,398135819,-1052142009,1800123,0,0.465,0.124333,2.008,2.994,0.75,1.2,96,48,4.333,-4.211,-1.02,-0.036,3.30709,0,4,1,14
180297729,1474132900925373,398135754,-1052142043,1799869,0,0.354,0.119217,2.006,2.994,0.75,1.2,96,48,3.825,-3.62,-1.235,0.124,3.39274,0,4,1,14
180551848,1474132900925373,398135696,-1052142076,1799623,0,0.418,0.14786,2.006,2.991,0.73,1.2,96,48,3.49,-3.268,-1.225,0.331,3.43549,0,4,1,15
180711577,1474132900925373,398135650,-1052142111,1799313,0,0.402,0.188858,2.006,2.995,0.71,1.17,96,48,2.889,-2.578,-1.304,0.249,3.50212,0,4,1,16
180897427,1474132901925439,398135607,-1052142146,1799050,0,0.468,0.195192,2.009,3.001,0.71,1.17,96,48,3.026,-2.671,-1.422,0.478,3.56456,0,4,1,16
181104390,1474132901925439,398135566,-1052142187,1798884,0,0.382,0.188227,2.012,3.008,0.76,1.17,96,38,2.971,-2.44,-1.694,0.312,3.66006,0,3,1,15
181297285,1474132901925439,398135528,-1052142231,1798718,0,0.428,0.210442,2.016,3.012,0.76,1.17,96,38,2.872,-2.456,-1.489,0.182,3.67183,0,3,1,15
181497246,1474132901925439,398135491,-1052142273,1798619,0,0.372,0.205619,2.02,3.015,0.76,1.17,96,38,2.698,-2.184,-1.585,-0.154,3.7218,0,3,1,15
181698493,1474132901925439,398135456,-1052142315,1798525,0,0.433,0.214778,2.024,3.02,0.78,1.2,96,38,2.679,-2.31,-1.357,-0.367,3.69819,0,3,1,14
181916413,1474132902925504,398135419,-1052142352,1798523,0,0.454,0.240769,2.029,3.027,0.78,1.2,96,38,2.534,-2.134,-1.368,-0.446,3.70416,0,3,1,14
182096128,1474132902925504,398135382,-1052142388,1798433,0,0.47,0.249848,2.037,3.035,0.78,1.2,96,36,2.588,-2.252,-1.274,0.081,3.68122,0,3,1,14
182293079,1474132902925504,398135350,-1052142421,1798188,0,0.448,0.260945,2.042,3.037,0.76,1.17,96,36,2.209,-2.001,-0.934,0.38,3.63188,0,3,1,15
182553381,1474132902925504,398135317,-1052142450,1797952,0,0.443,0.255267,2.047,3.04,0.78,1.2,96,36,2.233,-1.998,-0.997,0.634,3.61793,0,3,1,14
182702778,1474132902925504,398135284,-1052142478,1797668,0,0.499,0.292013,2.052,3.041,0.78,1.2,96,36,2.111,-1.872,-0.975,1.021,3.61963,0,3,1,14
182910735,1474132903925570,398135254,-1052142505,1797279,0,0.512,0.294824,2.056,3.04,0.78,1.2,96,36,2.052,-1.861,-0.865,1.166,3.59821,0,3,1,14
183097795,1474132903925570,398135223,-1052142522,1796919,0,0.5,0.31513,2.057,3.04,0.73,1.2,96,37,1.747,-1.611,-0.677,1.0,3.57077,0,3,1,15
183296665,1474132903925570,398135198,-1052142537,1796718,0,0.426,0.369162,2.056,3.035,0.71,1.17,96,37,1.448,-1.307,-0.623,0.163,3.5775,0,3,1,16
183489629,1474132903925570,398135177,-1052142547,1796630,0,0.45,0.398183,2.054,3.031,0.71,1.17,96,37,1.295,-1.278,-0.21,-0.539,3.45115,0,3,1,16
183695553,1474132903925570,398135160,-1052142546,1796619,0,0.528,0.466307,2.053,3.028,0.71,1.17,96,37,1.045,-0.995,0.318,-1.053,3.19008,0,3,1,16
183911546,1474132904925635,398135147,-1052142537,1796699,0,0.564,0.424956,2.052,3.025,0.71,1.17,96,37,1.062,-0.817,0.679,-1.275,2.78454,0,3,1,16
184105475,1474132904925635,398135137,-1052142521,1796770,0,0.573,0.402763,2.051,3.018,0.71,1.17,89,34,1.075,-0.548,0.925,-1.078,2.42674,0,3,1,16
184297339,1474132904925635,398135132,-1052142497,1796824,0,0.575,0.33295,2.05,3.012,0.71,1.17,89,34,1.325,-0.278,1.295,-0.79,2.04386,0,3,1,16
184545445,1474132904925635,398135131,-1052142464,1796845,0,0.57,0.274746,2.049,3.007,0.71,1.17,89,34,1.7,-0.104,1.697,-0.535,1.79879,0,3,1,16
184699245,1474132904925635,398135136,-1052142421,1796766,0,0.5,0.205342,2.047,2.99,0.71,1.17,89,34,2.198,0.2,2.189,-0.335,1.59405,0,3,1,16
184892080,1474132905925701,398135146,-1052142369,1796589,0,0.47,0.176577,2.045,2.974,0.71,1.17,89,34,2.596,0.467,2.554,0.0,1.47652,0,3,1,16
185112094,1474132905925701,398135163,-1052142308,1796318,0,0.443,0.144663,2.042,2.957,0.71,1.17,83,37,3.202,0.735,3.116,0.022,1.39414,0,3,1,16
185298447,1474132905925701,398135181,-1052142235,1796151,0,0.428,0.13002,2.039,2.94,0.71,1.17,83,37,3.554,0.906,3.436,0.017,1.34905,0,3,1,16
185500889,1474132905925701,398135205,-1052142152,1795933,0,0.422,0.112184,2.037,2.924,0.71,1.17,83,37,4.167,1.175,3.998,0.034,1.31211,0,3,1,16
185698763,1474132905925701,398135231,-1052142056,1795832,0,0.434,0.0988169,2.035,2.913,0.71,1.17,83,37,4.701,1.356,4.501,-0.235,1.2928,0,3,1,16
185906800,1474132906925766,398135266,-1052141961,1795676,0,0.399,0.0879386,2.032,2.872,0.76,1.17,83,37,4.722,1.981,4.286,-0.637,1.20527,0,3,1,15
186106564,1474132906925766,398135307,-1052141867,1795463,0,0.402,0.112592,2.035,2.84,0.76,1.17,83,35,4.773,2.021,4.323,-0.497,1.17748,0,3,1,15
186288423,1474132906925766,398135351,-1052141771,1795468,0,0.416,0.0977585,2.036,2.834,0.76,1.17,83,35,4.975,2.408,4.353,-0.3,1.11311,0,3,1,15
186550700,1474132906925766,398135403,-1052141675,1795451,0,0.419,0.106935,2.039,2.837,0.76,1.17,83,35,5.172,2.829,4.33,-0.319,1.05716,0,3,1,15
186699289,1474132906925766,398135460,-1052141582,1795488,0,0.406,0.119939,2.044,2.834,0.76,1.17,83,35,5.074,3.232,3.911,-0.693,0.977747,0,3,1,15
186908316,1474132907925832,398135530,-1052141506,1795328,0,0.352,0.092725,2.046,2.808,0.76,1.17,83,35,5.197,3.586,3.761,-0.636,0.871508,0,3,1,15
187119235,1474132907925832,398135607,-1052141437,1795325,0,0.332,0.0861494,2.044,2.795,0.76,1.17,83,36,5.335,4.362,3.071,-0.988,0.730782,0,3,1,15
187311241,1474132907925832,398135694,-1052141383,1795076,0,0.296,0.0854227,2.041,2.761,0.76,1.17,83,36,5.278,4.467,2.811,-0.702,0.64388,0,3,1,15
187502785,1474132907925832,398135785,-1052141331,1795044,0,0.298,0.0806363,2.036,2.748,0.76,1.17,83,36,5.468,4.859,2.508,-0.903,0.55365,0,3,1,15
187682805,1474132907925832,398135880,-1052141283,1795084,0,0.293,0.0770172,2.031,2.734,0.76,1.17,83,36,5.533,5.127,2.081,-0.595,0.463872,0,3,1,15
187902452,1474132908925898,398135976,-1052141252,1795124,0,0.373,0.0791043,2.025,2.719,0.76,1.17,83,36,5.354,5.156,1.44,-0.957,0.368336,0,3,1,15
188119843,1474132908925898,398136077,-1052141234,1795272,0,0.383,0.0839315,2.02,2.702,0.76,1.17,83,38,5.26,5.24,0.456,-1.118,0.232699,0,3,1,15
188308786,1474132908925898,398136187,-1052141237,1795299,0,0.404,0.0799891,2.014,2.696,0.76,1.17,83,38,5.768,5.768,0.001,-1.053,0.108286,0,3,1,15
188553802,1474132908925898,398136295,-1052141251,1795337,0,0.406,0.0746168,2.008,2.691,0.76,1.17,83,38,5.42,5.404,-0.426,-0.643,0.00620482,0,3,1,15
188706786,1474132908925898,398136393,-1052141280,1795305,0,0.437,0.0764987,2.005,2.683,0.76,1.17,83,38,5.25,5.118,-1.17,-0.519,6.17385,0,3,1,15
188911524,1474132909925963,398136488,-1052141318,1795269,0,0.451,0.0809838,2.001,2.672,0.76,1.17,83,38,4.993,4.769,-1.481,-0.348,6.08123,0,3,1,15
189091359,1474132909925963,398136582,-1052141377,1795099,0,0.461,0.0660454,1.996,2.662,0.76,1.17,89,37,5.32,4.673,-2.543,-0.271,5.90014,0,3,1,15
189309727,1474132909925963,398136671,-1052141456,1795015,0,0.49,0.0727481,1.991,2.653,0.76,1.17,89,37,5.162,4.103,-3.132,-0.193,5.77444,0,3,1,15
189503214,1474132909925963,398136747,-1052141542,1794947,0,0.45,0.0683738,1.983,2.634,0.71,1.17,89,37,5.03,3.728,-3.376,0.049,5.65096,0,3,1,16
189702436,1474132909925963,398136814,-1052141640,1794747,0,0.512,0.0913486,1.977,2.625,0.71,1.17,89,37,4.833,2.812,-3.931,0.21,5.53285,0,3,1,16
189901113,1474132910926029,398136864,-1052141743,1794542,0,0.468,0.0955651,1.973,2.62,0.71,1.17,89,37,4.541,1.999,-4.077,0.731,5.35608,0,3,1,16
190111396,1474132910926029,398136894,-1052141847,1794192,0,0.425,0.115299,1.967,2.615,0.71,1.17,89,34,4.056,0.821,-3.972,0.754,5.17431,0,3,1,16
190317010,1474132910926029,398136913,-1052141950,1793860,0,0.411,0.126747,1.955,2.607,0.71,1.17,89,34,3.785,0.306,-3.772,0.833,5.00031,0,3,1,16
190538464,1474132910926029,398136926,-1052142052,1793527,0,0.411,0.130205,1.944,2.6,0.71,1.17,89,34,3.717,0.022,-3.717,1.016,4.86222,0,3,1,16
190702814,1474132910926029,398136930,-1052142143,1793221,0,0.402,0.138741,1.938,2.592,0.71,1.17,89,34,3.426,-0.213,-3.42,0.966,4.76235,0,3,1,16
190904819,1474132911926094,398136929,-1052142220,1793079,0,0.395,0.168344,1.932,2.586,0.71,1.17,89,34,2.954,-0.477,-2.915,0.648,4.67606,0,3,1,16
191104680,1474132911926094,398136921,-1052142287,1792859,0,0.359,0.202142,1.927,2.581,0.71,1.17,89,36,2.546,-0.908,-2.378,0.479,4.54122,0,3,1,16
191304605,1474132911926094,398136916,-1052142357,1792419,0,0.376,0.188946,1.916,2.566,0.71,1.17,89,36,2.43,-0.85,-2.276,0.415,4.44162,0,3,1,16
191515533,1474132911926094,398136902,-1052142416,1792186,0,0.388,0.220066,1.908,2.557,0.71,1.17,89,36,2.438,-1.438,-1.969,0.198,4.28848,0,3,1,16
191704421,1474132911926094,398136881,-1052142464,1792014,0,0.348,0.242662,1.905,2.553,0.71,1.17,89,36,2.211,-1.419,-1.696,0.0,4.16531,0,3,1,16
191885283,1474132912926160,398136858,-1052142510,1791880,0,0.336,0.209554,1.894,2.542,0.71,1.17,89,36,2.214,-1.623,-1.506,-0.238,4.00721,0,3,1,16
192107311,1474132912926160,398136829,-1052142551,1791825,0,0.35,0.198057,1.883,2.531,0.71,1.17,89,36,2.39,-1.912,-1.434,-0.385,3.88961,0,3,1,16
192307260,1474132912926160,398136794,-1052142587,1791700,0,0.364,0.19476,1.88,2.511,0.71,1.17,89,36,2.645,-2.289,-1.325,-0.311,3.77583,0,3,1,16
192571526,1474132912926160,398136755,-1052142624,1791685,0,0.351,0.172567,1.875,2.502,0.71,1.17,89,36,2.867,-2.621,-1.163,-0.551,3.65429,0,3,1,16
192708118,1474132912926160,398136714,-1052142660,1791476,0,0.308,0.14404,1.866,2.47,0.71,1.17,89,36,3.106,-2.927,-1.039,-0.347,3.55292,0,3,1,16
192907384,1474132913926225,398136669,-1052142687,1791366,0,0.348,0.140515,1.858,2.46,0.71,1.17,89,36,3.156,-3.08,-0.686,-0.388,3.45401,0,3,1,16
193106461,1474132913926225,398136623,-1052142709,1791230,0,0.363,0.135545,1.85,2.439,0.71,1.17,89,35,3.228,-3.206,-0.38,-0.255,3.35283,0,3,1,16
193288108,1474132913926225,398136574,-1052142723,1791065,0,0.361,0.126554,1.844,2.416,0.71,1.17,89,35,3.482,-3.482,-0.069,-0.127,3.25009,0,3,1,16
193506766,1474132913926225,398136521,-1052142731,1790886,0,0.364,0.122161,1.837,2.393,0.71,1.17,89,35,3.443,-3.44,0.144,-0.184,3.17186,0,3,1,16
193698695,1474132913926225,398136467,-1052142731,1790800,0,0.373,0.120429,1.83,2.373,0.71,1.17,89,35,3.465,-3.429,0.502,-0.247,3.08217,0,3,1,16
193900606,1474132914926291,398136410,-1052142721,1790715,0,0.434,0.1162,1.827,2.355,0.71,1.17,89,35,3.544,-3.429,0.893,-0.11,2.98031,0,3,1,16
194100585,1474132914926291,398136352,-1052142704,1790596,0,0.385,0.113517,1.824,2.351,0.71,1.17,90,35,3.783,-3.656,0.972,0.147,2.92945,0,3,1,16
194299538,1474132914926291,398136294,-1052142685,1790427,0,0.333,0.0952189,1.813,2.327,0.71,1.17,90,35,3.88,-3.635,1.358,-0.244,2.84358,0,3,1,16
194537663,1474132914926291,398136234,-1052142661,1790292,0,0.39,0.0885344,1.804,2.312,0.71,1.17,90,35,4.176,-3.886,1.529,-0.026,2.80188,0,3,1,16
194688425,1474132914926291,398136169,-1052142624,1790234,0,0.454,0.0951618,1.802,2.311,0.71,1.17,90,35,4.316,-3.886,1.879,-0.25,2.74973,0,3,1,16
194899356,1474132915926356,398136098,-1052142582,1790198,0,0.409,0.0838395,1.8,2.309,0.71,1.17,90,35,4.565,-4.128,1.95,-0.138,2.72152,0,3,1,16
195099235,1474132915926356,398136027,-1052142534,1790124,0,0.437,0.0786468,1.798,2.309,0.71,1.17,90,36,4.752,-4.085,2.428,-0.16,2.65872,0,3,1,16
195296354,1474132915926356,398135956,-1052142476,1790013,0,0.421,0.0779061,1.797,2.299,0.71,1.17,90,36,4.97,-4.189,2.675,0.048,2.61469,0,3,1,16
195501175,1474132915926356,398135888,-1052142418,1789819,0,0.368,0.0777061,1.791,2.293,0.71,1.17,90,36,5.125,-4.168,2.981,0.304,2.56656,0,3,1,16
195700086,1474132915926356,398135822,-1052142351,1789634,0,0.387,0.0772666,1.786,2.28,0.71,1.17,90,36,5.209,-3.981,3.359,0.158,2.50187,0,3,1,16
195905144,1474132916926422,398135750,-1052142268,1789590,0,0.437,0.0711581,1.786,2.27,0.71,1.17,90,36,5.615,-4.066,3.871,-0.205,2.43483,0,3,1,16
196100017,1474132916926422,398135681,-1052142182,1789539,0,0.408,0.0723184,1.784,2.268,0.71,1.17,90,38,5.524,-3.863,3.949,-0.09,2.38941,0,3,1,16
196304020,1474132916926422,398135615,-1052142087,1789546,0,0.414,0.0658315,1.782,2.269,0.71,1.17,90,38,5.86,-3.837,4.429,-0.293,2.33061,0,3,1,16
196555246,1474132916926422,398135553,-1052141982,1789594,0,0.416,0.062444,1.779,2.27,0.71,1.17,90,38,5.944,-3.397,4.878,-0.419,2.24816,0,3,1,16
196708878,1474132916926422,398135494,-1052141867,1789580,0,0.466,0.0636811,1.778,2.26,0.71,1.17,90,38,6.072,-3.299,5.098,-0.077,2.19555,0,3,1,16
196898527,1474132917926487,398135442,-1052141741,1789550,0,0.478,0.0615846,1.777,2.257,0.71,1.17,90,38,6.357,-2.733,5.74,-0.276,2.09863,0,3,1,16
197110737,1474132917926487,398135396,-1052141604,1789581,0,0.439,0.0531358,1.776,2.259,0.71,1.17,90,35,6.689,-2.462,6.22,-0.072,2.00871,0,3,1,16
197295685,1474132917926487,398135360,-1052141460,1789566,0,0.458,0.0524765,1.773,2.262,0.71,1.17,90,35,6.654,-1.98,6.353,-0.266,1.93583,0,3,1,16
197500518,1474132917926487,398135336,-1052141310,1789561,0,0.514,0.0491942,1.773,2.26,0.76,1.17,90,35,6.892,-1.216,6.784,-0.503,1.82994,0,3,1,15
197701671,1474132917926487,398135326,-1052141155,1789518,0,0.455,0.0518591,1.773,2.257,0.76,1.17,90,35,6.919,-0.4,6.908,-0.364,1.72725,0,3,1,15
197905424,1474132918926553,398135327,-1052140996,1789480,0,0.452,0.0574091,1.771,2.253,0.76,1.17,90,35,7.061,-0.062,7.06,-0.312,1.65597,0,3,1,15
198117449,1474132918926553,398135340,-1052140843,1789415,0,0.436,0.0524463,1.767,2.252,0.76,1.17,89,34,6.919,0.643,6.889,-0.091,1.55402,0,3,1,15
198311384,1474132918926553,398135361,-1052140689,1789478,0,0.453,0.0614981,1.765,2.252,0.71,1.17,89,34,6.638,1.505,6.465,-0.487,1.45828,0,3,1,16
198550431,1474132918926553,398135396,-1052140546,1789632,0,0.454,0.0660345,1.764,2.253,0.71,1.17,89,34,6.343,2.093,5.987,-0.79,1.34942,0,3,1,16
198695500,1474132918926553,398135444,-1052140415,1789771,0,0.388,0.0663998,1.763,2.247,0.71,1.17,89,34,6.121,2.879,5.402,-0.629,1.21105,0,3,1,16
198907232,1474132919926618,398135502,-1052140290,1789986,0,0.342,0.0717021,1.762,2.249,0.71,1.17,89,34,6.346,3.707,5.15,-0.805,1.08405,0,3,1,16
199112205,1474132919926618,398135574,-1052140187,1790070,0,0.389,0.0959741,1.765,2.251,0.77,1.17,90,35,5.644,3.974,4.008,-0.8,0.97459,0,3,1,14
199301160,1474132919926618,398135654,-1052140104,1790270,0,0.375,0.084128,1.766,2.252,0.77,1.17,90,35,5.734,4.601,3.422,-1.076,0.78226,0,3,1,14
199508086,1474132919926618,398135742,-1052140036,1790540,0,0.353,0.0919809,1.766,2.252,0.76,1.17,90,35,5.535,4.928,2.521,-1.17,0.638065,0,3,1,15
199701286,1474132919926618,398135839,-1052139989,1790633,0,0.357,0.0970492,1.768,2.252,0.76,1.17,90,35,5.653,5.37,1.767,-1.152,0.483606,0,3,1,15
199898424,1474132920922752,398135940,-1052139960,1790730,0,0.385,0.0964055,1.767,2.25,0.76,1.17,90,35,5.219,5.17,0.715,-0.85,0.306743,0,3,1,15
200088840,1474132920922752,398136038,-1052139947,1790845,0,0.389,0.0902803,1.767,2.248,0.77,1.17,90,36,5.351,5.347,0.19,-0.762,0.160133,0,3,1,14
200306861,1474132920922752,398136137,-1052139954,1790973,0,0.402,0.084036,1.766,2.251,0.77,1.17,90,36,5.247,5.197,-0.724,-0.907,6.28071,0,3,1,14
200556017,1474132920922752,398136233,-1052139979,1791176,0,0.446,0.0793914,1.767,2.257,0.77,1.17,90,36,5.354,5.164,-1.415,-0.757,6.13798,0,3,1,14
200703728,1474132920922752,398136330,-1052140026,1791252,0,0.43,0.0658998,1.767,2.261,0.77,1.17,90,36,5.643,5.159,-2.286,-0.61,5.97385,0,3,1,14
200907668,1474132921922818,398136422,-1052140094,1791228,0,0.417,0.0587759,1.764,2.254,0.71,1.17,90,36,5.304,4.451,-2.884,-0.172,5.82164,0,3,1,16
201106986,1474132921922818,398136503,-1052140176,1791109,0,0.447,0.0603107,1.762,2.255,0.77,1.17,90,35,5.455,4.167,-3.521,0.286,5.69975,0,3,1,14
201313596,1474132921922818,398136580,-1052140270,1790899,0,0.471,0.0658923,1.762,2.258,0.77,1.17,90,35,5.676,3.985,-4.042,0.691,5.60014,0,3,1,14
201504484,1474132921922818,398136649,-1052140376,1790633,0,0.506,0.0745556,1.764,2.26,0.77,1.17,90,35,5.564,3.269,-4.502,0.887,5.48186,0,3,1,14
201705411,1474132921922818,398136706,-1052140498,1790292,0,0.476,0.07587,1.764,2.264,0.77,1.17,90,35,5.623,2.614,-4.978,1.145,5.3374,0,3,1,14
201908384,1474132922922883,398136749,-1052140630,1789823,0,0.451,0.0856548,1.764,2.266,0.72,1.17,90,35,5.539,1.751,-5.254,1.398,5.20007,0,3,1,15
202107321,1474132922922883,398136778,-1052140768,1789313,0,0.455,0.087614,1.764,2.269,0.72,1.17,90,35,5.673,1.028,-5.579,1.627,5.04748,0,3,1,15
202306431,1474132922922883,398136800,-1052140909,1788860,0,0.438,0.0785655,1.763,2.267,0.72,1.17,90,35,6.021,1.019,-5.934,1.764,4.95422,0,3,1,15
202568492,1474132922922883,398136816,-1052141054,1788443,0,0.455,0.0807545,1.762,2.267,0.72,1.17,90,35,5.931,0.392,-5.918,1.574,4.86642,0,3,1,15
202708137,1474132922922883,398136830,-1052141197,1788130,0,0.439,0.0776373,1.761,2.264,0.72,1.17,90,35,6.094,0.718,-6.051,1.527,4.84731,0,3,1,15
202887996,1474132923922949,398136842,-1052141342,1787872,0,0.404,0.0775108,1.756,2.259,0.71,1.17,90,35,6.005,0.123,-6.003,0.995,4.78842,0,3,1,16
203102965,1474132923922949,398136847,-1052141484,1787783,0,0.395,0.0818851,1.752,2.251,0.71,1.17,90,38,5.911,0.198,-5.908,0.283,4.76778,0,3,1,16
203308925,1474132923922949,398136852,-1052141622,1787751,0,0.388,0.0843128,1.747,2.246,0.72,1.17,90,38,5.67,0.155,-5.668,0.121,4.75383,0,3,1,15
203506868,1474132923922949,398136854,-1052141753,1787796,0,0.421,0.10292,1.745,2.248,0.72,1.17,90,38,5.39,-0.066,-5.389,-0.23,4.73176,0,3,1,15
203707859,1474132923922949,398136856,-1052141877,1787918,0,0.492,0.132964,1.745,2.248,0.72,1.17,90,38,5.002,-0.101,-5.001,-0.615,4.71671,0,3,1,15
203918450,1474132924923014,398136853,-1052141996,1787940,0,0.506,0.144132,1.743,2.236,0.72,1.17,90,38,4.93,-0.528,-4.901,-0.501,4.66498,0,3,1,15
204106729,1474132924923014,398136843,-1052142107,1787997,0,0.62,0.18904,1.744,2.236,0.72,1.17,90,32,4.531,-0.586,-4.493,-0.266,4.63448,0,3,1,15
204288509,1474132924923014,398136831,-1052142215,1788000,0,0.695,0.21068,1.738,2.217,0.71,1.17,90,32,4.386,-1.239,-4.207,-0.301,4.54116,0,3,1,16
204548803,1474132924923014,398136802,-1052142313,1787975,0,0.833,0.245218,1.736,2.211,0.72,1.17,90,32,4.376,-1.996,-3.894,-0.216,4.41236,0,3,1,15
204709458,1474132924923014,398136773,-1052142409,1787886,0,0.783,0.277329,1.733,2.208,0.71,1.17,90,32,4.398,-1.665,-4.07,0.092,4.37351,0,3,1,16
204900437,1474132925923080,398136752,-1052142505,1787940,0,1.123,0.358347,1.734,2.199,0.71,1.17,90,32,4.197,-0.991,-4.078,-0.16,4.41121,0,3,1,16
205100413,1474132925923080,398136714,-1052142590,1787876,0,0.827,0.317883,1.738,2.191,0.74,1.18,90,36,4.349,-3.002,-3.147,-0.444,4.15317,0,3,1,15
205308393,1474132925923080,398136660,-1052142655,1787857,0,0.67,0.282955,1.742,2.194,0.74,1.18,90,36,4.019,-3.247,-2.368,-0.459,3.94015,0,3,1,15
205503291,1474132925923080,398136603,-1052142707,1787765,0,0.513,0.229001,1.742,2.198,0.74,1.18,90,36,3.868,-3.404,-1.837,-0.276,3.75651,0,3,1,15
205690399,1474132925923080,398136549,-1052142749,1787661,0,0.597,0.220523,1.744,2.199,0.74,1.18,90,36,3.427,-3.072,-1.518,0.12,3.67547,0,3,1,15
205901210,1474132926923145,398136497,-1052142779,1787521,0,0.444,0.179155,1.742,2.195,0.74,1.18,90,36,3.403,-3.28,-0.907,-0.041,3.51616,0,3,1,15
206104094,1474132926923145,398136456,-1052142809,1787188,0,0.398,0.162209,1.725,2.177,0.74,1.18,90,35,2.66,-2.494,-0.925,0.49,3.50547,0,3,1,15
206300002,1474132926923145,398136417,-1052142826,1786994,0,0.402,0.229345,1.724,2.178,0.74,1.18,90,35,2.27,-2.214,-0.497,0.601,3.45759,0,3,1,15
206553173,1474132926923145,398136385,-1052142840,1786858,0,0.344,0.220914,1.718,2.168,0.74,1.18,90,35,2.064,-2.059,-0.144,0.324,3.32987,0,3,1,15
206706463,1474132926923145,398136352,-1052142848,1786768,0,0.401,0.241215,1.717,2.165,0.74,1.18,90,35,2.006,-1.991,-0.25,0.267,3.30097,0,3,1,15
206910866,1474132927923211,398136315,-1052142856,1786696,0,0.338,0.209166,1.713,2.161,0.74,1.18,90,35,2.141,-2.116,-0.326,0.169,3.29725,0,3,1,15
207100819,1474132927923211,398136281,-1052142862,1786507,0,0.374,0.221376,1.71,2.161,0.74,1.18,90,36,1.877,-1.873,0.125,0.292,3.19229,0,3,1,15
207302425,1474132927923211,398136250,-1052142863,1786386,0,0.367,0.263499,1.707,2.153,0.74,1.18,90,36,1.727,-1.727,0.043,0.235,3.16097,0,3,1,15
207506719,1474132927923211,398136218,-1052142853,1786356,0,0.431,0.242274,1.707,2.143,0.74,1.18,90,36,1.802,-1.638,0.75,-0.02,2.91762,0,3,1,15
207702674,1474132927923211,398136191,-1052142833,1786306,0,0.437,0.260728,1.707,2.136,0.74,1.18,90,36,1.573,-1.28,0.915,0.221,2.73352,0,3,1,15
207903767,1474132928923276,398136173,-1052142809,1786228,0,0.527,0.234179,1.709,2.129,0.74,1.18,90,36,1.477,-0.876,1.189,0.066,2.44112,0,3,1,15
208112576,1474132928923276,398136160,-1052142780,1786266,0,0.544,0.314367,1.713,2.134,0.74,1.18,90,36,1.311,-0.432,1.238,-0.07,2.25011,0,3,1,15
208313693,1474132928923276,398136159,-1052142756,1786230,0,0.473,0.486926,1.717,2.145,0.74,1.18,90,36,0.866,-0.001,0.866,-0.05,2.05049,0,3,1,15
208537632,1474132928923276,398136162,-1052142736,1786160,0,0.454,0.474256,1.721,2.155,0.74,1.18,90,36,0.901,-0.015,0.901,0.098,1.81302,0,3,1,15
208707417,1474132928923276,398136163,-1052142717,1786006,0,0.433,0.560666,1.725,2.164,0.74,1.18,90,36,0.772,-0.051,0.77,0.478,1.73948,0,3,1,15
208905325,1474132929923342,398136168,-1052142701,1785814,0,0.38,0.761083,1.729,2.176,0.74,1.18,90,36,0.685,0.255,0.636,0.317,1.54594,0,3,1,15
209107260,1474132929923342,398136176,-1052142691,1785741,0,0.456,0.761105,1.735,2.189,0.74,1.18,90,35,0.508,0.415,0.294,0.291,1.54594,0,3,1,15
209319280,1474132929923342,398136181,-1052142681,1785726,0,0.431,0.761124,1.742,2.203,0.74,1.18,90,35,0.476,0.319,0.354,0.227,1.54594,0,3,1,15
209500143,1474132929923342,398136190,-1052142678,1785625,0,0.483,0.761141,1.747,2.215,0.74,1.18,90,35,0.393,0.389,0.056,0.293,1.54594,0,3,1,15
209694599,1474132929923342,398136196,-1052142673,1785532,0,0.509,0.761167,1.751,2.225,0.75,1.19,90,35,0.454,0.399,0.217,0.558,1.54594,0,3,1,14
209898866,1474132930923407,398136207,-1052142670,1785298,0,0.53,0.761201,1.754,2.236,0.74,1.18,90,35,0.577,0.564,0.124,0.729,1.54594,0,3,1,15
210103671,1474132930923407,398136220,-1052142665,1785067,0,0.472,0.76123,1.757,2.247,0.74,1.18,90,35,0.566,0.533,0.19,0.578,1.54594,0,3,1,15
210306963,1474132930923407,398136226,-1052142657,1785015,0,0.538,0.761256,1.76,2.262,0.74,1.18,90,35,0.444,0.443,0.018,0.587,1.54594,0,3,1,15
210553566,1474132930923407,398136233,-1052142655,1784793,0,0.591,0.761287,1.766,2.28,0.74,1.18,90,35,0.234,0.233,-0.02,0.812,1.54594,0,3,1,15
210705802,1474132930923407,398136238,-1052142650,1784525,0,0.545,0.761313,1.769,2.294,0.74,1.18,90,35,0.394,0.072,0.387,0.625,1.54594,0,3,1,15
210901698,1474132931923473,398136238,-1052142638,1784484,0,0.537,0.761333,1.773,2.308,0.74,1.18,90,35,0.217,-0.079,0.202,0.304,1.54594,0,3,1,15
211096593,1474132931923473,398136243,-1052142633,1784402,0,0.535,0.761352,1.777,2.322,0.74,1.18,96,28,0.331,0.197,0.266,-0.401,1.54594,0,3,1,15
211308583,1474132931923473,398136248,-1052142628,1784369,0,0.494,0.76137,1.784,2.337,0.8,1.19,96,28,0.217,0.091,0.197,-0.206,1.54594,0,3,1,13
211491516,1474132931923473,398136252,-1052142624,1784412,0,0.658,0.761393,1.794,2.358,0.79,1.22,96,28,0.25,0.246,0.046,-0.254,1.54594,0,3,1,14
211692394,1474132931923473,398136255,-1052142621,1784403,0,0.498,0.761411,1.802,2.371,0.79,1.22,96,28,0.089,0.044,0.077,-0.051,1.54594,0,3,1,14
211892378,1474132932923538,398136255,-1052142618,1784365,0,0.555,0.761431,1.808,2.381,0.79,1.22,96,28,0.109,-0.085,0.068,0.05,1.54594,0,3,1,14
212097336,1474132932923538,398136254,-1052142617,1784323,0,0.571,0.761452,1.811,2.391,0.79,1.22,96,29,0.122,-0.073,-0.098,0.173,1.54594,0,3,1,14
212290259,1474132932923538,398136258,-1052142623,1784119,0,0.602,0.761473,1.814,2.401,0.79,1.22,96,29,0.383,0.251,-0.289,0.399,1.54594,0,3,1,14
212523380,1474132932923538,398136260,-1052142623,1784057,0,0.594,0.761495,1.819,2.419,0.79,1.22,96,29,0.14,-0.119,0.073,-0.085,1.54594,0,3,1,14
212699217,1474132932923538,398136258,-1052142624,1784029,0,0.456,0.761511,1.825,2.435,0.84,1.22,96,29,0.149,-0.087,-0.12,0.055,1.54594,0,3,1,13
212894076,1474132933923604,398136258,-1052142626,1783915,0,0.452,0.761528,1.83,2.451,0.74,1.18,96,29,0.178,-0.138,-0.112,0.085,1.54594,0,3,1,15
213089953,1474132933923604,398136256,-1052142627,1783906,0,0.538,0.761547,1.834,2.467,0.74,1.18,96,33,0.249,0.053,-0.243,0.064,1.54594,0,3,1,15
213290945,1474132933923604,398136255,-1052142629,1783855,0,0.497,0.761565,1.839,2.484,0.74,1.18,96,33,0.234,-0.213,-0.098,0.126,1.54594,0,3,1,15
213488068,1474132933923604,398136251,-1052142628,1783815,0,0.481,0.761582,1.844,2.501,0.74,1.18,96,33,0.302,-0.302,-0.013,-0.042,1.54594,0,3,1,15
213689917,1474132933923604,398136244,-1052142627,1783848,0,0.495,0.7616,1.851,2.519,0.78,1.18,96,33,0.431,-0.422,-0.084,-0.202,1.54594,0,3,1,14
213887269,1474132934923670,398136238,-1052142628,1783920,0,0.588,0.761631,1.862,2.543,0.78,1.18,96,33,0.548,-0.518,-0.179,-0.65,1.54594,0,3,1,14
214101858,1474132934923670,398136232,-1052142636,1783915,0,0.529,0.761658,1.87,2.561,0.78,1.18,96,33,0.54,-0.444,-0.307,-0.536,1.54594,0,3,1,14
214292307,1474132934923670,398136226,-1052142639,1783972,0,0.571,0.761686,1.882,2.588,0.78,1.18,96,33,0.505,-0.495,-0.101,-0.579,1.54594,0,3,1,14
214538001,1474132934923670,398136216,-1052142636,1784188,0,0.612,0.761721,1.893,2.614,0.78,1.18,96,33,0.462,-0.461,0.032,-0.866,1.54594,0,3,1,14
214692020,1474132934923670,398136210,-1052142636,1784318,0,0.65,0.761763,1.905,2.639,0.8,1.19,96,33,0.309,-0.3,0.074,-1.116,1.54594,0,3,1,13
214901636,1474132935923735,398136202,-1052142632,1784586,0,0.66,0.761815,1.918,2.663,0.8,1.19,96,33,0.59,-0.558,0.193,-1.323,1.54594,0,3,1,13
215092098,1474132935923735,398136194,-1052142626,1784849,0,0.648,0.761863,1.929,2.684,0.78,1.18,96,34,0.542,-0.49,0.23,-1.203,1.54594,0,3,1,14
215279393,1474132935923735,398136188,-1052142620,1785102,0,0.655,0.761907,1.936,2.701,0.8,1.19,96,34,0.19,-0.12,0.147,-1.234,1.54594,0,3,1,13
215492311,1474132935923735,398136185,-1052142616,1785194,0,0.636,0.761943,1.943,2.721,0.8,1.19,96,34,0.543,-0.43,0.332,-0.818,1.54594,0,3,1,13
216091226,1474132936923801,398136185,-1052142602,1785342,0,0.643,0.762022,1.97,2.788,0.8,1.19,90,32,0.432,0.028,0.431,-0.6,1.54594,0,3,1,13
216540501,1474132936923801,398136178,-1052142585,1785417,0,0.679,0.728963,1.993,2.832,0.78,1.18,90,32,0.61,-0.467,0.393,-0.411,2.01429,0,3,1,14
216676057,1474132936923801,398136176,-1052142576,1785449,0,0.676,0.729,2.005,2.85,0.8,1.19,90,32,0.589,-0.244,0.536,-0.778,2.01429,0,3,1,13
216897984,1474132937923866,398136173,-1052142568,1785471,0,0.675,0.729039,2.016,2.866,0.75,1.19,90,32,0.596,-0.423,0.42,-0.838,2.01429,0,3,1,14
217113995,1474132937923866,398136168,-1052142558,1785392,0,0.629,0.468595,2.024,2.885,0.74,1.18,90,34,0.934,-0.616,0.702,-0.693,2.21013,0,3,1,15
217302903,1474132937923866,398136160,-1052142549,1785422,0,0.645,0.697884,2.032,2.901,0.74,1.18,90,34,0.675,-0.643,0.206,-0.643,2.40348,0,3,1,15
217508350,1474132937923866,398136151,-1052142547,1785426,0,0.641,0.776032,2.042,2.921,0.78,1.18,90,34,0.672,-0.651,0.164,-0.403,2.62344,0,3,1,14
217704340,1474132937923866,398136141,-1052142549,1785396,0,0.526,0.776062,2.049,2.937,0.71,1.17,90,34,0.611,-0.583,-0.184,-0.604,2.62344,0,3,1,16
217897794,1474132938923932,398136130,-1052142554,1785287,0,0.459,0.564173,2.054,2.95,0.71,1.17,90,34,1.019,-1.008,-0.151,-0.292,3.05991,0,3,1,16
218089694,1474132938923932,398136115,-1052142564,1785189,0,0.446,0.617158,2.06,2.964,0.71,1.17,89,35,1.155,-1.053,-0.474,-0.305,3.28989,0,3,1,16
218309705,1474132938923932,398136095,-1052142574,1785214,0,0.472,0.516038,2.068,2.981,0.71,1.17,89,35,1.301,-1.234,-0.413,-0.287,3.39262,0,3,1,16
218542612,1474132938923932,398136073,-1052142587,1785236,0,0.426,0.492191,2.074,2.996,0.71,1.17,89,35,1.399,-1.155,-0.789,-0.112,3.57503,0,3,1,16
218698567,1474132938923932,398136058,-1052142607,1785048,0,0.432,0.542543,2.081,3.008,0.71,1.17,89,35,1.258,-1.097,-0.616,-0.066,3.6104,0,3,1,16
218898506,1474132939923997,398136039,-1052142623,1784987,0,0.415,0.468579,2.086,3.019,0.71,1.17,89,35,1.328,-1.127,-0.702,-0.034,3.66079,0,3,1,16
219098465,1474132939923997,398136020,-1052142643,1784909,0,0.407,0.428409,2.088,3.022,0.71,1.17,89,32,1.359,-1.09,-0.812,-0.041,3.7269,0,3,1,16
219317622,1474132939923997,398136003,-1052142665,1784786,0,0.417,0.438483,2.09,3.027,0.71,1.17,89,32,1.322,-0.971,-0.898,0.048,3.80551,0,3,1,16
219483364,1474132939923997,398135992,-1052142693,1784640,0,0.441,0.447295,2.094,3.036,0.71,1.17,89,32,1.421,-0.77,-1.194,-0.096,3.96919,0,3,1,16
219697332,1474132939923997,398135976,-1052142721,1784659,0,0.472,0.407645,2.101,3.05,0.71,1.17,89,32,1.627,-0.929,-1.336,0.021,4.04343,0,3,1,16
219898447,1474132940924063,398135962,-1052142753,1784611,0,0.478,0.388816,2.109,3.064,0.71,1.17,89,32,1.68,-0.863,-1.442,0.012,4.11118,0,3,1,16
220104209,1474132940924063,398135950,-1052142788,1784578,0,0.482,0.357706,2.116,3.075,0.71,1.17,89,34,1.693,-0.692,-1.545,-0.037,4.2087,0,3,1,16
220310153,1474132940924063,398135940,-1052142825,1784626,0,0.526,0.314473,2.122,3.087,0.71,1.17,89,34,1.845,-0.54,-1.764,-0.131,4.32527,0,3,1,16
220558435,1474132940924063,398135928,-1052142868,1784661,0,0.531,0.280703,2.129,3.1,0.71,1.17,89,34,2.12,-0.69,-2.005,-0.047,4.35633,0,3,1,16
220711149,1474132940924063,398135919,-1052142913,1784657,0,0.55,0.306781,2.136,3.113,0.72,1.17,89,34,1.888,-0.483,-1.825,-0.248,4.40085,0,3,1,15
220889971,1474132941924128,398135913,-1052142954,1784591,0,0.541,0.351043,2.143,3.125,0.72,1.17,89,34,1.655,-0.442,-1.595,-0.086,4.41873,0,3,1,15
221100962,1474132941924128,398135911,-1052142988,1784551,0,0.488,0.407695,2.148,3.127,0.71,1.17,89,33,1.293,-0.204,-1.277,-0.119,4.47645,0,3,1,16
221318039,1474132941924128,398135908,-1052143016,1784547,0,0.521,0.467701,2.154,3.129,0.71,1.17,89,33,1.185,-0.134,-1.178,0.099,4.52943,0,3,1,16
221501936,1474132941924128,398135905,-1052143037,1784580,0,0.503,0.701354,2.161,3.132,0.71,1.17,89,33,0.817,-0.178,-0.798,-0.048,4.51826,0,3,1,16
221697759,1474132941924128,398135904,-1052143051,1784546,0,0.467,0.701375,2.167,3.141,0.71,1.17,89,33,0.501,-0.199,-0.46,-0.17,4.51826,0,3,1,16
221901770,1474132942924194,398135902,-1052143059,1784526,0,0.44,0.701392,2.168,3.139,0.71,1.17,89,33,0.284,-0.102,-0.265,-0.23,4.51826,0,3,1,16
222101722,1474132942924194,398135897,-1052143061,1784577,0,0.38,0.701407,2.166,3.135,0.71,1.17,89,36,0.34,-0.334,-0.064,-0.005,4.51826,0,3,1,16
222292315,1474132942924194,398135893,-1052143059,1784492,0,0.552,0.701428,2.169,3.142,0.71,1.17,89,36,0.539,-0.501,0.198,-0.098,4.51826,0,3,1,16
222557948,1474132942924194,398135884,-1052143053,1784463,0,0.465,0.745986,2.167,3.138,0.71,1.17,89,36,0.652,-0.548,0.354,-0.071,3.6032,0,3,1,16
222708057,1474132942924194,398135871,-1052143042,1784356,0,0.343,0.363609,2.155,3.117,0.71,1.17,89,36,1.05,-0.818,0.657,0.137,2.68346,0,3,1,16
222910543,1474132943924259,398135861,-1052143030,1784190,0,0.438,0.355309,2.145,3.099,0.71,1.17,89,36,1.139,-0.925,0.664,0.093,2.59953,0,3,1,16
223109472,1474132943924259,398135847,-1052143020,1784192,0,0.416,0.344455,2.134,3.081,0.76,1.17,89,34,1.158,-1.028,0.533,-0.207,2.63229,0,3,1,15
223320079,1474132943924259,398135828,-1052143009,1784215,0,0.347,0.309136,2.12,3.062,0.71,1.17,89,34,1.207,-1.082,0.536,-0.303,2.65979,0,3,1,16
223508420,1474132943924259,398135810,-1052143006,1784131,0,0.301,0.260371,2.1,3.037,0.72,1.17,89,34,1.383,-1.309,0.447,-0.167,2.74929,0,3,1,15
223710399,1474132943924259,398135791,-1052142999,1784060,0,0.396,0.307292,2.093,3.028,0.72,1.17,89,34,1.325,-1.264,0.397,-0.289,2.78613,0,3,1,15
223920352,1474132944924325,398135770,-1052142991,1784092,0,0.391,0.300208,2.087,3.019,0.72,1.17,89,34,1.374,-1.312,0.407,-0.549,2.81424,0,3,1,15
224110196,1474132944924325,398135752,-1052142991,1784102,0,0.353,0.359831,2.08,3.01,0.76,1.17,89,34,1.266,-1.266,0.034,-0.593,2.93756,0,3,1,15
224311214,1474132944924325,398135732,-1052142995,1784140,0,0.344,0.382548,2.074,3.001,0.71,1.17,89,34,1.188,-1.179,-0.144,-0.517,3.0904,0,3,1,16
224560375,1474132944924325,398135714,-1052143002,1784134,0,0.344,0.402966,2.067,2.993,0.71,1.17,89,34,1.147,-1.127,-0.214,-0.49,3.2038,0,3,1,16
224721992,1474132944924325,398135693,-1052143011,1784222,0,0.35,0.336108,2.062,2.981,0.71,1.17,89,34,1.373,-1.274,-0.512,-0.389,3.39254,0,3,1,16
224908540,1474132945924390,398135673,-1052143026,1784219,0,0.375,0.373967,2.056,2.974,0.71,1.17,89,34,1.248,-1.126,-0.536,-0.353,3.47904,0,3,1,16
225109962,1474132945924390,398135652,-1052143042,1784211,0,0.401,0.341026,2.051,2.969,0.71,1.17,89,38,1.396,-1.247,-0.627,-0.127,3.54929,0,3,1,16
225310819,1474132945924390,398135632,-1052143061,1784176,0,0.419,0.329821,2.047,2.966,0.71,1.17,89,38,1.422,-1.19,-0.779,-0.168,3.63805,0,3,1,16
225510734,1474132945924390,398135612,-1052143082,1784149,0,0.412,0.34706,2.043,2.959,0.71,1.17,89,38,1.333,-1.071,-0.793,0.019,3.70492,0,3,1,16
225722728,1474132945924390,398135592,-1052143104,1784086,0,0.406,0.298925,2.038,2.952,0.71,1.17,89,38,1.489,-1.189,-0.897,0.104,3.75276,0,3,1,16
225920608,1474132946924456,398135570,-1052143128,1784076,0,0.412,0.283703,2.033,2.946,0.71,1.17,89,38,1.576,-1.18,-1.045,0.008,3.81264,0,3,1,16
226112520,1474132946924456,398135552,-1052143151,1784061,0,0.381,0.359628,2.028,2.937,0.71,1.17,89,32,1.23,-0.938,-0.795,-0.097,3.82494,0,3,1,16
226292353,1474132946924456,398135541,-1052143174,1784122,0,0.409,0.390899,2.022,2.926,0.71,1.17,89,32,1.059,-0.607,-0.868,-0.044,3.95209,0,3,1,16
226560652,1474132946924456,398135530,-1052143193,1784179,0,0.446,0.408907,2.018,2.919,0.71,1.17,89,32,1.066,-0.585,-0.892,0.142,4.03783,0,3,1,16
226722120,1474132946924456,398135524,-1052143212,1784062,0,0.498,0.700771,2.016,2.915,0.71,1.17,89,32,0.62,-0.316,-0.533,0.152,4.07333,0,3,1,16
226908335,1474132947924522,398135519,-1052143227,1783964,0,0.532,0.764431,2.014,2.912,0.72,1.17,89,32,0.614,-0.336,-0.514,0.296,4.10064,0,3,1,15
227108401,1474132947924522,398135516,-1052143237,1784006,0,0.523,0.764449,2.011,2.895,0.71,1.17,89,34,0.341,-0.183,-0.288,0.293,4.10064,0,3,1,16
227312217,1474132947924522,398135518,-1052143248,1784036,0,0.543,0.764469,2.008,2.878,0.71,1.17,89,34,0.319,0.032,-0.318,0.212,4.10064,0,3,1,16
227511510,1474132947924522,398135521,-1052143255,1783990,0,0.402,0.764483,2.006,2.87,0.76,1.17,89,34,0.156,-0.154,0.022,0.089,4.10064,0,3,1,15
227692972,1474132947924522,398135519,-1052143260,1784029,0,0.435,0.764499,2.004,2.866,0.76,1.17,89,34,0.332,-0.207,-0.26,-0.031,4.10064,0,3,1,15
227919068,1474132948924587,398135519,-1052143264,1784025,0,0.526,0.764518,2.0,2.859,0.71,1.17,89,34,0.04,-0.02,0.035,-0.109,4.10064,0,3,1,16
